id,rotulo,MAIUSCULAS,EXCLAMA,ASPAS,POL_ABSOLUTO,pronoun,ppron,i,we,you,shehe,they,ipron,article,prep,auxverb,adverb,conj,negate,verb,adj,interrog,affect,posemo,negemo,anx,anger,sad
626,FALSO,0.0,0.0,0.0,0.46666666666666673,0.5,0.9898989898989898,0.0,0.0,0.0,0.9898989898989898,0.0,0.0,0.36559490778521303,0.31588613406795224,0.8383838383838385,0.0,0.0,0.0,0.4696969696969697,0.0,0.0,0.0,0.0,0.0,0.0,0.0,0.0
972,FALSO,0.0,0.0,0.0,0.6000000000000001,0.0,0.0,0.0,0.0,0.0,0.0,0.0,0.0,0.47237183323359266,0.3619528619528619,0.2561728395061728,0.0,0.5925925925925926,0.0,0.14351851851851852,0.0,0.0,0.28086419753086417,0.28086419753086417,0.0,0.0,0.0,0.0
42,FALSO,0.0,0.0,0.0,0.13333333333333341,0.2661290322580645,0.0,0.0,0.0,0.0,0.0,0.0,0.2661290322580645,0.14084670180112352,0.37829912023460405,0.0,0.0,0.0,0.0,0.0,0.6350806451612903,0.0,0.0,0.0,0.0,0.0,0.0,0.0
1043,FALSO,0.0,0.0,0.0,0.4,0.0,0.0,0.0,0.0,0.0,0.0,0.0,0.0,0.7998895180223727,0.3006993006993007,0.0,0.0,0.8205128205128205,0.0,0.5961538461538461,0.0,0.0,0.0,0.0,0.0,0.0,0.0,0.0
831,FALSO,0.0,0.0,0.0,0.6000000000000001,0.0,0.0,0.0,0.0,0.0,0.0,0.0,0.0,0.5397196646517222,0.2151793160967473,0.253822629969419,0.0,0.5871559633027523,0.0,0.14220183486238533,0.0,0.0,0.0,0.0,0.0,0.0,0.0,0.0
261,FALSO,0.0,0.0,0.0,0.6000000000000001,0.0,0.0,0.0,0.0,0.0,0.0,0.0,0.0,0.515749959196997,0.26652892561983466,0.6287878787878788,0.0,0.7272727272727272,0.0,0.3522727272727273,0.0,0.0,0.6893939393939393,0.6893939393939393,0.0,0.0,0.0,0.0
928,FALSO,0.0,0.0,0.0,0.6000000000000001,0.0,0.0,0.0,0.0,0.0,0.0,0.0,0.0,0.6361901162241331,0.24688995215311002,0.2912280701754386,0.0,0.4491228070175438,0.0,0.1631578947368421,0.49736842105263157,0.0,0.0,0.0,0.0,0.0,0.0,0.0
38,FALSO,0.0,0.0,0.0,0.46666666666666673,0.14347826086956522,0.0,0.0,0.0,0.0,0.0,0.0,0.14347826086956522,0.22980251346499103,0.5438735177865612,0.0,0.0,0.0,0.0,0.0,0.5478260869565218,0.0,0.0,0.0,0.0,0.0,0.0,0.0
182,FALSO,0.0,0.0,0.0,0.6000000000000001,0.1774193548387097,0.35125448028673834,0.0,0.0,0.0,0.35125448028673834,0.0,0.0,0.31134534082353627,0.42033235581622674,0.8924731182795699,0.0,0.0,0.0,1.0,0.0,0.0,0.0,0.0,0.0,0.0,0.0,0.0
1143,FALSO,0.0,0.0,0.0,0.4,0.45412844036697253,0.8990825688073394,0.0,0.0,0.0,0.8990825688073394,0.0,0.0,0.3215126908569829,0.2151793160967473,0.0,0.0,0.0,0.0,0.0,0.0,0.0,0.0,0.0,0.0,0.0,0.0,0.0
1013,FALSO,0.0,0.0,0.0,0.33333333333333337,0.14224137931034483,0.0,0.0,0.0,0.0,0.0,0.0,0.14224137931034483,0.4318702408221383,0.33699059561128525,0.0,0.0,0.5517241379310345,0.0,0.0,0.27155172413793105,0.0,0.0,0.0,0.0,0.0,0.0,0.0
310,FALSO,0.0,0.0,0.0,0.6000000000000001,0.0,0.0,0.0,0.0,0.0,0.0,0.0,0.0,0.49495925977074995,0.3341103341103341,0.0,0.0,0.547008547008547,0.0,0.0,0.0,0.0,0.0,0.0,0.0,0.0,0.0,0.0
1046,FALSO,0.0,0.0,0.0,0.0,0.0,0.0,0.0,0.0,0.0,0.0,0.0,0.0,0.6441804499789908,0.7485493230174081,0.0,0.0,0.0,0.0,0.16489361702127658,0.5026595744680851,0.0,0.0,0.0,0.0,0.0,0.0,0.0
722,FALSO,0.0,0.0,0.0,0.33333333333333337,0.0,0.0,0.0,0.0,0.0,0.0,0.0,0.0,0.569546517184816,0.5062132112491824,0.0,0.0,0.0,0.0,0.0,0.11330935251798561,0.0,0.0,0.0,0.0,0.0,0.0,0.0
106,FALSO,0.0,0.0,0.0,0.6000000000000001,0.0,0.0,0.0,0.0,0.0,0.0,0.0,0.0,0.5986355475763017,0.469090909090909,0.0,0.0,0.0,0.0,0.46499999999999997,0.4725,0.0,0.0,0.0,0.0,0.0,0.0,0.0
556,FALSO,0.0,0.0,0.0,0.13333333333333341,0.3721804511278195,0.0,0.0,0.0,0.0,0.0,0.0,0.3721804511278195,0.18315087539315072,0.52904989747095,0.0,0.0,0.0,0.0,0.0,0.35526315789473684,0.0,0.0,0.0,0.0,0.0,0.0,0.0
974,FALSO,0.0,0.0,0.0,0.6000000000000001,0.0,0.0,0.0,0.0,0.0,0.0,0.0,0.0,0.48470950319086337,0.5255920550038197,0.0,0.0,0.0,0.0,0.3907563025210084,0.0,0.0,0.0,0.0,0.0,0.0,0.0,0.0
74,FALSO,0.0,0.0,0.0,0.8666666666666667,0.0,0.0,0.0,0.0,0.0,0.0,0.0,0.0,0.4256569283499265,0.26652892561983466,0.6287878787878788,0.0,0.0,0.0,0.3522727272727273,0.0,0.0,0.0,0.0,0.0,0.0,0.0,0.0
157,FALSO,0.0,0.0,0.0,0.5333333333333334,0.0,0.0,0.0,0.0,0.0,0.0,0.0,0.0,0.777019748653501,0.8795454545454545,0.0,0.0,0.0,0.0,0.0,0.0,0.0,0.0,0.0,0.0,0.0,0.0,0.0
301,FALSO,0.0,0.0,0.0,0.4,0.1793478260869565,0.0,0.0,0.0,0.0,0.0,0.0,0.1793478260869565,0.488330341113106,0.9347826086956521,0.0,0.0,0.0,0.0,0.0,0.0,0.0,0.0,0.0,0.0,0.0,0.0,0.0
570,FALSO,0.0,0.0,0.0,0.6000000000000001,0.0,0.0,0.0,0.0,0.0,0.0,0.0,0.0,0.5846446298447566,0.4598930481283422,0.0,0.0,0.6274509803921569,0.0,0.0,0.0,0.0,0.0,0.0,0.0,0.0,0.0,0.0
63,FALSO,0.0,0.0,0.0,0.13333333333333341,0.37786259541984735,0.0,0.0,0.0,0.0,0.0,0.0,0.37786259541984735,0.18770128962407667,0.4774462179042331,0.0,0.0,0.0,0.0,0.0,0.3606870229007634,0.0,0.0,0.0,0.0,0.0,0.0,0.0
1679,FALSO,0.0,0.0,0.0,0.2666666666666667,0.2820512820512821,0.0,0.0,0.0,0.0,0.0,0.0,0.2820512820512821,0.2916724209363348,0.4677544677544677,0.0,0.0,0.18233618233618235,0.0,0.0,0.40384615384615385,0.0,0.0,0.0,0.0,0.0,0.0,0.0
634,FALSO,0.0,0.0,0.0,0.2666666666666667,0.0,0.0,0.0,0.0,0.0,0.0,0.0,0.0,0.24547086665578588,0.35537190082644626,0.0,0.8484848484848485,0.0,0.0,0.7045454545454546,0.0,0.0,0.0,0.0,0.0,0.0,0.0,0.0
609,FALSO,0.0,0.0,0.0,0.33333333333333337,0.13524590163934427,0.0,0.0,0.0,0.0,0.0,0.0,0.13524590163934427,0.2100244282897254,0.3845007451564828,0.22677595628415304,0.0,0.0,0.0,0.12704918032786885,0.2581967213114754,0.0,0.0,0.0,0.0,0.0,0.0,0.0
80,FALSO,0.0,0.0,0.0,0.13333333333333341,0.0,0.0,0.0,0.0,0.0,0.0,0.0,0.0,0.2374625972471574,0.46329966329966327,0.0,0.27654320987654324,0.0,0.0,0.22962962962962963,0.35000000000000003,0.0,0.0,0.0,0.0,0.0,0.0,0.0
94,FALSO,0.0,0.0,0.0,0.4,0.1896551724137931,0.0,0.0,0.0,0.0,0.0,0.0,0.1896551724137931,0.7052559895994552,0.8986415882967607,0.0,0.0,0.0,0.0,0.0,0.0,0.0,0.0,0.0,0.0,0.0,0.0,0.0
875,FALSO,0.0,0.0,0.0,0.7333333333333334,0.0,0.0,0.0,0.0,0.0,0.0,0.0,0.0,0.6058429900440673,0.47382920110192833,0.8383838383838385,0.0,0.0,0.0,0.4696969696969697,0.0,0.0,0.0,0.0,0.0,0.0,0.0,0.0
993,FALSO,0.0,0.0,0.0,0.46666666666666673,0.32673267326732675,0.0,0.0,0.0,0.0,0.0,0.0,0.32673267326732675,0.513073928577777,0.5418541854185418,0.0,0.0,0.0,0.0,0.0,0.4678217821782178,0.0,0.0,0.0,0.0,0.0,0.0,0.0
103,FALSO,0.0,0.0,0.0,0.20000000000000007,0.32673267326732675,0.0,0.0,0.0,0.0,0.0,0.0,0.32673267326732675,0.434577030413993,0.8514851485148514,0.0,0.0,0.0,0.0,0.0,0.0,0.0,0.0,0.0,0.0,0.0,0.0,0.0
83,FALSO,0.0,0.0,0.0,0.6000000000000001,0.165,0.32666666666666666,0.0,0.0,0.0,0.32666666666666666,0.0,0.0,0.44007181328545786,0.3127272727272727,0.27666666666666667,0.0,0.6399999999999999,0.0,0.31,0.0,0.0,0.30333333333333334,0.30333333333333334,0.0,0.0,0.0,0.0
1104,FALSO,0.0,0.0,0.0,0.4,0.0,0.0,0.0,0.0,0.0,0.0,0.0,0.0,0.4564995875588336,0.4226044226044226,0.0,0.0,0.0,0.0,0.41891891891891897,0.5675675675675675,0.0,0.0,0.0,0.0,0.0,0.0,0.0
2072,FALSO,0.31790123456790126,0.0,0.0,0.6000000000000001,0.611111111111111,0.0,0.0,0.0,0.0,0.0,0.0,0.611111111111111,0.47237183323359266,0.4826038159371492,0.0,0.0,0.0,0.0,0.19135802469135801,0.0,0.0,0.0,0.0,0.0,0.0,0.0,0.0
1210,FALSO,0.0,0.0,0.0,1.0,0.0,0.0,0.0,0.0,0.0,0.0,0.0,0.0,0.5165472426558205,0.415124698310539,0.0,0.0,0.5663716814159292,0.0,0.0,0.0,0.0,0.0,0.0,0.0,0.0,0.0,0.0
583,FALSO,0.0,0.0,0.0,0.20000000000000007,0.41596638655462187,0.0,0.0,0.0,0.0,0.0,0.0,0.41596638655462187,0.1515924143445529,0.4598930481283422,0.0,0.0,0.0,0.0,0.0,0.3970588235294118,0.0,0.0,0.0,0.0,0.0,0.0,0.0
49,FALSO,1.0,0.0,0.0,0.8,0.48058252427184467,0.0,0.0,0.0,0.0,0.0,0.0,0.48058252427184467,0.34693486256122436,0.22771403353927624,0.0,0.0,0.0,0.0,0.45145631067961167,0.0,0.0,0.0,0.0,0.0,0.0,0.0,0.0
1180,FALSO,0.0,0.0,0.0,0.33333333333333337,0.0,0.0,0.0,0.0,0.0,0.0,0.0,0.0,0.5110082207313617,0.5486443381180223,0.0,0.0,0.0,0.0,0.40789473684210525,0.1381578947368421,0.0,0.0,0.0,0.0,0.0,0.0,0.0
131,FALSO,0.0,0.0,0.0,0.5333333333333334,0.2972972972972973,0.5885885885885885,0.0,0.0,0.0,0.5885885885885885,0.0,0.0,0.3850744820224174,0.49303849303849295,0.0,0.0,0.0,0.0,0.41891891891891897,0.0,0.0,0.0,0.0,0.0,0.0,0.0,0.0
952,FALSO,0.0,0.0,0.0,0.7333333333333334,0.0,0.0,0.0,0.0,0.0,0.0,0.0,0.0,0.47237183323359266,0.579124579124579,0.0,0.0,0.0,0.0,0.4305555555555555,0.7291666666666666,0.0,0.0,0.0,0.0,0.0,0.0,0.0
588,FALSO,0.0,0.0,0.0,0.46666666666666673,0.0,0.0,0.0,0.0,0.0,0.0,0.0,0.0,0.5279246930952497,0.49303849303849295,0.0,0.0,0.5765765765765766,0.0,0.0,0.0,0.0,0.0,0.0,0.0,0.0,0.0,0.0
44,FALSO,0.0,0.0,0.0,0.2666666666666667,0.358695652173913,0.0,0.0,0.0,0.0,0.0,0.0,0.358695652173913,0.0,0.16996047430830039,0.0,0.0,0.15458937198067632,0.0,0.0,0.34239130434782605,0.0,0.0,0.0,0.0,0.0,0.0,0.0
1187,FALSO,0.0,0.0,0.0,0.6000000000000001,0.0,0.0,0.0,0.0,0.0,0.0,0.0,0.0,0.2626314439599897,0.5584415584415584,0.0,0.888888888888889,0.0,0.0,0.369047619047619,0.0,0.0,0.0,0.0,0.0,0.0,0.0,0.0
1110,FALSO,0.0,0.0,0.0,0.7333333333333334,0.0,0.0,0.0,0.0,0.0,0.0,0.0,0.0,0.35491721524037506,0.34747474747474744,0.0,0.0,0.1580246913580247,0.0,0.0,0.4666666666666667,0.0,0.0,0.0,0.0,0.0,0.0,0.0
1230,FALSO,0.0,0.0,0.0,0.06666666666666676,0.35611510791366907,0.0,0.0,0.0,0.0,0.0,0.0,0.35611510791366907,0.1702853157330509,0.5062132112491824,0.0,0.0,0.0,0.0,0.0,0.33992805755395683,0.0,0.0,0.0,0.0,0.0,0.0,0.0
758,FALSO,0.0,0.0,0.0,0.46666666666666673,0.4852941176470588,0.9607843137254901,0.0,0.0,0.0,0.9607843137254901,0.0,0.0,0.35146266765233924,0.2299465240641711,0.0,0.0,0.0,0.0,0.0,0.0,0.0,0.0,0.0,0.0,0.0,0.0,0.0
849,FALSO,0.0,0.0,0.0,0.13333333333333341,0.31428571428571433,0.0,0.0,0.0,0.0,0.0,0.0,0.31428571428571433,0.41364452423698383,0.22337662337662334,0.2634920634920635,0.0,0.6095238095238095,0.0,0.14761904761904762,0.30000000000000004,0.0,0.0,0.0,0.0,0.0,0.0,0.0
2149,FALSO,0.0,0.0,0.0,0.46666666666666673,0.0,0.0,0.0,0.0,0.0,0.0,0.0,0.0,0.4778603667846776,0.36533559898045875,0.0,0.0,0.0,0.0,0.0,0.29439252336448596,0.0,0.0,0.0,0.0,0.0,0.0,0.0
1234,FALSO,0.0,0.0,0.0,0.6000000000000001,0.0,0.0,0.0,0.0,0.0,0.0,0.0,0.0,0.49495925977074995,0.3341103341103341,0.0,0.0,0.547008547008547,0.0,0.0,0.0,0.0,0.0,0.0,0.0,0.0,0.0,0.0
86,FALSO,0.0,0.0,0.0,0.6000000000000001,0.0,0.0,0.0,0.0,0.0,0.0,0.0,0.0,0.4582206744392291,0.2825848849945235,1.0,0.0,0.0,0.0,0.5602409638554217,0.0,0.0,0.0,0.0,0.0,0.0,0.0,0.0
158,FALSO,0.0,0.0,0.0,0.46666666666666673,0.0,0.0,0.0,0.0,0.0,0.0,0.0,0.0,0.46928092223377116,0.49377990430622004,0.0,0.3929824561403509,0.0,0.0,0.0,0.33157894736842103,0.0,0.0,0.0,0.0,0.0,0.0,0.0
708,FALSO,0.0,0.0,0.0,0.6000000000000001,0.0,0.0,0.0,0.0,0.0,0.0,0.0,0.0,0.5977447400802857,0.0,0.0,0.0,0.7191011235955056,0.0,0.5224719101123595,0.3539325842696629,0.0,0.0,0.0,0.0,0.0,0.0,0.0
162,FALSO,0.0,0.0,0.0,0.6000000000000001,0.0,0.0,0.0,0.0,0.0,0.0,0.0,0.0,0.5582466718607093,0.22126929674099483,0.0,0.0,0.6037735849056604,0.0,0.0,0.0,0.0,0.0,0.0,0.0,0.0,0.0,0.0
1667,FALSO,0.0,0.0,0.0,0.4,0.19186046511627908,0.0,0.0,0.0,0.0,0.0,0.0,0.19186046511627908,0.7147927017661059,1.0,0.0,0.0,0.0,0.0,0.0,0.0,0.0,0.0,0.0,0.0,0.0,0.0,0.0
181,FALSO,0.0,0.0,0.0,0.4,0.0,0.0,0.0,0.0,0.0,0.0,0.0,0.0,0.6692051216288201,0.6013986013986014,0.0,0.0,0.46886446886446886,0.0,0.0,0.0,0.0,0.0,0.0,0.0,0.0,0.0,0.0
185,FALSO,0.0,0.0,0.0,0.33333333333333337,0.2920353982300885,0.0,0.0,0.0,0.0,0.0,0.0,0.2920353982300885,0.2359034651499023,0.48431214802896216,0.0,0.0,0.1887905604719764,0.0,0.0,0.41814159292035397,0.0,0.0,0.0,0.0,0.0,0.0,0.0
194,FALSO,0.0,0.0,0.0,0.13333333333333341,0.4304347826086956,0.0,0.0,0.0,0.0,0.0,0.0,0.4304347826086956,0.16086175942549374,0.4758893280632411,0.0,0.0,0.0,0.0,0.0,0.41086956521739126,0.0,0.0,0.0,0.0,0.0,0.0,0.0
198,FALSO,0.0,0.0,0.0,0.8,0.543956043956044,0.0,0.0,0.0,0.0,0.0,0.0,0.543956043956044,0.40783632884171483,0.6013986013986014,0.9120879120879122,0.0,0.0,0.0,0.510989010989011,0.1730769230769231,0.0,0.0,0.0,0.0,0.0,0.0,0.0
1921,FALSO,0.0,0.0,0.0,0.33333333333333337,0.0,0.0,0.0,0.0,0.0,0.0,0.0,0.0,0.3850744820224174,0.5634725634725635,0.0,0.0,0.0,0.0,0.0,0.14189189189189189,0.0,0.0,0.0,0.0,0.0,0.0,0.0
663,FALSO,0.0,0.0,0.0,0.8666666666666667,0.1542056074766355,0.0,0.0,0.0,0.0,0.0,0.0,0.1542056074766355,0.32966996090538436,0.584536958368734,0.2585669781931464,0.0,0.0,0.0,0.43457943925233644,0.29439252336448596,0.0,0.0,0.0,0.0,0.0,0.0,0.0
873,FALSO,0.0,0.0,0.0,0.46666666666666673,0.0,0.0,0.0,0.0,0.0,0.0,0.0,0.0,0.2750095652941696,0.5126676602086438,0.0,0.0,0.0,0.0,0.12704918032786885,0.2581967213114754,0.0,0.0,0.0,0.0,0.0,0.0,0.0
1128,VERDADEIRO,0.0,0.0,0.0,0.06666666666666676,0.0,0.0,0.0,0.0,0.0,0.0,0.0,0.0,0.06259546075725503,0.4084124830393487,0.0,0.0,0.15920398009950248,0.0,0.0,0.23507462686567163,0.0,0.0,0.0,0.0,0.0,0.0,0.0
1218,VERDADEIRO,0.0,0.0,0.0,0.5333333333333334,0.0,0.0,0.0,0.0,0.0,0.0,0.0,0.0,0.47549562626532715,0.8317214700193423,0.0,0.0,0.0,0.0,0.16489361702127658,0.1675531914893617,0.0,0.0,0.0,0.0,0.0,0.0,0.0
1245,VERDADEIRO,0.0,0.0,0.0,0.8666666666666667,0.0,0.0,0.0,0.0,0.0,0.0,0.0,0.0,0.4747985815392377,0.3876784372652141,0.0,0.0,0.0,0.0,0.0,0.0,0.0,0.0,0.0,0.0,0.0,0.0,0.0
1247,VERDADEIRO,0.0,0.0,0.0,0.6666666666666667,0.0,0.0,0.0,0.0,0.0,0.0,0.0,0.0,0.44567760187149774,0.7107438016528925,0.0,0.0,0.0,0.0,0.31313131313131315,0.15909090909090912,0.0,0.0,0.0,0.0,0.0,0.0,0.0
1251,VERDADEIRO,0.0,0.0,0.0,0.4,0.0,0.0,0.0,0.0,0.0,0.0,0.0,0.0,0.3858263252385903,0.49377990430622004,0.0,0.0,0.0,0.0,0.0,0.0,0.0,0.0,0.0,0.0,0.0,0.0,0.0
1253,VERDADEIRO,0.0,0.0,0.0,0.6666666666666667,0.4583333333333333,0.9074074074074073,0.0,0.0,0.0,0.0,1.0,0.0,0.32555356074207065,0.21717171717171713,0.0,0.0,0.0,0.0,0.0,0.0,0.0,0.0,0.0,0.0,0.0,0.0,0.0
1254,VERDADEIRO,0.0,0.0,0.0,0.4,0.0,0.0,0.0,0.0,0.0,0.0,0.0,0.0,0.513073928577777,0.6192619261926192,0.0,0.0,0.0,0.0,0.0,0.0,0.0,0.0,0.0,0.0,0.0,0.0,0.0
1257,VERDADEIRO,0.0,0.0,0.0,0.20000000000000007,0.14864864864864866,0.0,0.0,0.0,0.0,0.0,0.0,0.14864864864864866,0.5279246930952497,0.7043407043407043,0.0,0.0,0.0,0.0,0.0,0.0,0.0,0.0,0.0,0.0,0.0,0.0,0.0
1263,VERDADEIRO,0.0,0.0,0.0,0.20000000000000007,0.0,0.0,0.0,0.0,0.0,0.0,0.0,0.0,0.5221851756860735,0.698051948051948,0.0,0.0,0.0,0.0,0.0,0.0,0.0,0.0,0.0,0.0,0.0,0.0,0.0
1264,VERDADEIRO,0.0,0.0,0.0,0.4,0.0,0.0,0.0,0.0,0.0,0.0,0.0,0.0,0.5165472426558205,0.415124698310539,0.0,0.0,0.0,0.0,0.0,0.13938053097345132,0.0,0.0,0.0,0.0,0.0,0.0,0.0
1265,VERDADEIRO,0.0,0.0,0.0,0.4,0.0,0.0,0.0,0.0,0.0,0.0,0.0,0.0,0.4513977943062324,0.4786641929499072,0.0,0.0,0.0,0.0,0.0,0.0,0.0,0.0,0.0,0.0,0.0,0.0,0.0
1267,VERDADEIRO,0.0,0.0,0.0,0.6000000000000001,0.0,0.0,0.0,0.0,0.0,0.0,0.0,0.0,0.4513977943062324,0.18614718614718612,0.6587301587301587,0.0,0.3386243386243386,0.0,0.369047619047619,1.0,0.0,0.0,0.0,0.0,0.0,0.0,0.0
1272,VERDADEIRO,0.0,0.0,0.0,0.8,0.0,0.0,0.0,0.0,0.0,0.0,0.0,0.0,0.3098230315465504,0.4188311688311688,0.0,0.0,0.0,0.0,0.4151785714285714,0.421875,0.0,0.0,0.0,0.0,0.0,0.0,0.0
1274,VERDADEIRO,0.0,0.0,0.0,0.5333333333333334,0.1683673469387755,0.0,0.0,0.0,0.0,0.0,0.0,0.1683673469387755,0.4513977943062324,0.4786641929499072,0.0,0.0,0.0,0.0,0.31632653061224486,0.48214285714285715,0.0,0.0,0.0,0.0,0.0,0.0,0.0
1276,VERDADEIRO,0.0,0.0,0.0,0.46666666666666673,0.0,0.0,0.0,0.0,0.0,0.0,0.0,0.0,0.3554149042996684,0.3975346687211094,0.0,0.0,0.0,0.0,0.3940677966101695,0.6673728813559322,0.0,0.0,0.0,0.0,0.0,0.0,0.0
1278,VERDADEIRO,0.0,0.0,0.0,0.33333333333333337,0.0,0.0,0.0,0.0,0.0,0.0,0.0,0.0,0.533768565366411,0.568595041322314,0.0,0.0,0.0,0.0,0.0,0.0,0.0,0.0,0.0,0.0,0.0,0.0,0.0
1279,VERDADEIRO,0.0,0.0,0.0,0.7333333333333334,0.0,0.0,0.0,0.0,0.0,0.0,0.0,0.0,0.4747985815392377,0.45229151014274976,0.0,0.3085399449035813,0.0,0.0,0.0,0.0,0.0,0.0,0.0,0.0,0.0,0.0,0.0
1284,VERDADEIRO,0.0,0.0,0.0,0.6000000000000001,0.0,0.0,0.0,0.0,0.0,0.0,0.0,0.0,0.28150807899461405,0.456060606060606,0.0,0.9333333333333335,0.0,0.0,0.5166666666666666,0.0,0.0,0.0,0.0,0.0,0.0,0.0,0.0
1285,VERDADEIRO,0.0,0.0,0.0,0.46666666666666673,0.308411214953271,0.6105919003115264,0.0,0.0,0.0,0.6105919003115264,0.0,0.0,0.4037651638450309,0.21920135938827526,0.7757009345794392,0.0,0.0,0.0,0.43457943925233644,0.14719626168224298,0.0,0.0,0.0,0.0,0.0,0.0,0.0
1287,VERDADEIRO,0.0,0.0,0.0,0.4,0.0,0.0,0.0,0.0,0.0,0.0,0.0,0.0,0.5846446298447566,0.5365418894830659,0.0,0.0,0.0,0.0,0.0,0.0,0.0,0.0,0.0,0.0,0.0,0.0,0.0
1290,VERDADEIRO,0.0,0.0,0.0,0.6000000000000001,0.0,0.0,0.0,0.0,0.0,0.0,0.0,0.0,0.29517736643347986,0.40438871473354226,0.0,0.3218390804597701,0.0,0.0,0.0,0.0,0.0,0.0,0.0,0.0,0.0,0.0,0.0
1294,VERDADEIRO,0.0,0.0,0.0,0.6000000000000001,0.0,0.0,0.0,0.0,0.0,0.0,0.0,0.0,0.6131975231744404,0.3191094619666048,0.0,0.0,0.6530612244897959,0.0,0.0,0.0,0.0,0.0,0.0,0.0,0.0,0.0,0.0
1298,VERDADEIRO,0.0,0.0,0.0,0.5333333333333334,0.0,0.0,0.0,0.0,0.0,0.0,0.0,0.0,0.5221851756860735,0.2792207792207792,0.49404761904761907,0.0,0.19047619047619047,0.0,0.27678571428571425,0.421875,0.0,0.0,0.0,0.0,0.0,0.0,0.0
1300,VERDADEIRO,0.0,0.0,0.0,0.6000000000000001,0.0,0.0,0.0,0.0,0.0,0.0,0.0,0.0,0.5322976587403363,0.398886827458256,0.282312925170068,0.0,0.6530612244897959,0.0,0.4744897959183673,0.0,0.0,0.3095238095238095,0.3095238095238095,0.0,0.0,0.0,0.0
1301,VERDADEIRO,0.0,0.0,0.0,0.6666666666666667,0.0,0.0,0.0,0.0,0.0,0.0,0.0,0.0,0.5778529222080843,0.4554280670785525,0.0,0.0,0.0,0.0,0.45145631067961167,0.0,0.0,0.0,0.0,0.0,0.0,0.0,0.0
1308,VERDADEIRO,0.0,0.0,0.0,0.6000000000000001,0.0,0.0,0.0,0.0,0.0,0.0,0.0,0.0,0.5055655296229803,0.40790513833992087,0.7217391304347825,0.0,0.0,0.0,0.808695652173913,0.41086956521739126,0.0,0.7913043478260868,0.7913043478260868,0.0,0.0,0.0,0.0
1310,VERDADEIRO,0.0,0.0,0.0,0.2666666666666667,0.171875,0.0,0.0,0.0,0.0,0.0,0.0,0.171875,0.5457809694793537,0.4886363636363636,0.0,0.0,0.0,0.0,0.0,0.65625,0.0,0.0,0.0,0.0,0.0,0.0,0.0
1311,VERDADEIRO,0.0,0.0,0.0,0.6000000000000001,0.0,0.0,0.0,0.0,0.0,0.0,0.0,0.0,0.5898264512268103,0.26060606060606056,0.0,0.0,0.711111111111111,0.0,0.0,0.7000000000000001,0.0,0.0,0.0,0.0,0.0,0.0,0.0
1312,VERDADEIRO,0.0,0.0,0.0,0.4,0.0,0.0,0.0,0.0,0.0,0.0,0.0,0.0,0.25965874552934026,0.5540443808160344,0.0,0.0,0.0,0.0,0.0,0.12401574803149606,0.0,0.0,0.0,0.0,0.0,0.0,0.0
1316,VERDADEIRO,0.0,0.0,0.0,0.7333333333333334,0.0,0.0,0.0,0.0,0.0,0.0,0.0,0.0,0.7147927017661059,0.2727272727272727,0.0,0.0,0.0,0.0,0.0,0.0,0.0,0.0,0.0,0.0,0.0,0.0,0.0
1317,VERDADEIRO,0.0,0.0,0.0,0.6000000000000001,0.0,0.0,0.0,0.0,0.0,0.0,0.0,0.0,0.4226029273042632,0.3975346687211094,0.0,0.0,0.0,0.0,0.3940677966101695,0.0,0.0,0.0,0.0,0.0,0.0,0.0,0.0
1318,VERDADEIRO,0.0,0.0,0.0,0.6000000000000001,0.0,0.0,0.0,0.0,0.0,0.0,0.0,0.0,0.2987432675044883,0.4758893280632411,0.0,0.9739130434782609,0.0,0.0,0.0,0.0,0.0,0.0,0.0,0.0,0.0,0.0,0.0
1319,VERDADEIRO,0.0,0.0,0.0,0.33333333333333337,0.15137614678899083,0.0,0.0,0.0,0.0,0.0,0.0,0.15137614678899083,0.3215126908569829,0.4303586321934946,0.0,0.0,0.0,0.0,0.0,0.8669724770642202,0.0,0.0,0.0,0.0,0.0,0.0,0.0
1323,VERDADEIRO,0.0,0.0,0.0,0.6000000000000001,0.4669811320754717,0.9245283018867924,0.0,0.0,0.0,0.3081761006289308,0.6792452830188679,0.0,0.33386402899630774,0.22126929674099483,0.0,0.0,0.0,0.0,0.0,0.0,0.0,0.0,0.0,0.0,0.0,0.0,0.0
1325,VERDADEIRO,0.0,0.0,0.0,0.5333333333333334,0.0,0.0,0.0,0.0,0.0,0.0,0.0,0.0,0.5304162665441945,0.3636363636363636,0.6434108527131783,0.0,0.7441860465116279,0.0,0.36046511627906974,0.0,0.0,0.7054263565891472,0.7054263565891472,0.0,0.0,0.0,0.0
1326,VERDADEIRO,0.0,0.0,0.0,0.8666666666666667,0.0,0.0,0.0,0.0,0.0,0.0,0.0,0.0,0.5055655296229803,0.40790513833992087,0.0,0.0,0.0,0.0,0.0,0.0,0.0,0.0,0.0,0.0,0.0,0.0,0.0
1328,VERDADEIRO,0.0,0.0,0.0,0.33333333333333337,0.48058252427184467,0.0,0.0,0.0,0.0,0.0,0.0,0.48058252427184467,0.5778529222080843,0.6831421006178288,0.0,0.0,0.0,0.0,0.0,0.1529126213592233,0.0,0.0,0.0,0.0,0.0,0.0,0.0
1334,VERDADEIRO,0.0,0.0,0.0,0.7333333333333334,0.0,0.0,0.0,0.0,0.0,0.0,0.0,0.0,0.23487168655613055,0.3449197860962567,0.0,0.0,0.0,0.0,0.34191176470588236,0.6948529411764707,0.0,0.0,0.0,0.0,0.0,0.0,0.0
1338,VERDADEIRO,0.0,0.0,0.0,0.8,0.0,0.0,0.0,0.0,0.0,0.0,0.0,0.0,0.3098230315465504,0.4188311688311688,0.0,0.0,0.0,0.0,0.4151785714285714,0.421875,0.0,0.0,0.0,0.0,0.0,0.0,0.0
1340,VERDADEIRO,0.0,0.0,0.0,0.5333333333333334,0.0,0.0,0.0,0.0,0.0,0.0,0.0,0.0,0.5304162665441945,0.3636363636363636,0.6434108527131783,0.0,0.7441860465116279,0.0,0.36046511627906974,0.0,0.0,0.7054263565891472,0.7054263565891472,0.0,0.0,0.0,0.0
1343,VERDADEIRO,0.0,0.0,0.0,0.6666666666666667,0.4583333333333333,0.9074074074074073,0.0,0.0,0.0,0.0,1.0,0.0,0.32555356074207065,0.21717171717171713,0.0,0.0,0.0,0.0,0.0,0.0,0.0,0.0,0.0,0.0,0.0,0.0,0.0
1350,VERDADEIRO,0.0,0.0,0.0,0.5333333333333334,0.0,0.0,0.0,0.0,0.0,0.0,0.0,0.0,0.5304162665441945,0.3636363636363636,0.6434108527131783,0.0,0.7441860465116279,0.0,0.36046511627906974,0.0,0.0,0.7054263565891472,0.7054263565891472,0.0,0.0,0.0,0.0
1360,VERDADEIRO,0.0,0.0,0.0,0.7333333333333334,0.0,0.0,0.0,0.0,0.0,0.0,0.0,0.0,0.24276130181827998,0.47026657552973333,0.0,0.0,0.0,0.0,0.0,0.47368421052631576,0.0,0.0,0.0,0.0,0.0,0.0,0.0
1379,VERDADEIRO,0.0,0.0,0.0,0.4,0.0,0.0,0.0,0.0,0.0,0.0,0.0,0.0,0.5508243452519632,0.4774462179042331,0.21119592875318066,0.0,0.48854961832061067,0.0,0.47328244274809156,0.0,0.0,0.0,0.0,0.0,0.0,0.0,0.0
1380,VERDADEIRO,0.0,0.0,0.0,0.4,0.0,0.0,0.0,0.0,0.0,0.0,0.0,0.0,0.564657604513978,0.5212121212121211,0.0,0.0,0.0,0.0,0.44285714285714284,0.0,0.0,0.0,0.0,0.0,0.0,0.0,0.0
1382,VERDADEIRO,0.0,0.0,0.0,0.6000000000000001,0.0,0.0,0.0,0.0,0.0,0.0,0.0,0.0,0.4215925810936677,0.3526999316473,0.6240601503759399,0.0,0.0,0.0,0.6992481203007519,0.0,0.0,0.0,0.0,0.0,0.0,0.0,0.0
1394,VERDADEIRO,0.0,0.0,0.0,0.8,0.0,0.0,0.0,0.0,0.0,0.0,0.0,0.0,0.6250628366247757,0.5212121212121211,0.7377777777777779,0.0,0.28444444444444444,0.0,0.8266666666666668,0.42000000000000004,0.0,0.0,0.0,0.0,0.0,0.0,0.0
1395,VERDADEIRO,0.0,0.0,0.0,0.5333333333333334,0.0,0.0,0.0,0.0,0.0,0.0,0.0,0.0,0.5304162665441945,0.3636363636363636,0.6434108527131783,0.0,0.7441860465116279,0.0,0.36046511627906974,0.0,0.0,0.7054263565891472,0.7054263565891472,0.0,0.0,0.0,0.0
1398,VERDADEIRO,0.0,0.0,0.0,0.6000000000000001,0.0,0.0,0.0,0.0,0.0,0.0,0.0,0.0,0.4834524575725755,0.44253859348198965,0.0,0.0,0.0,0.0,0.4386792452830189,0.0,0.0,0.0,0.0,0.0,0.0,0.0,0.0
1400,VERDADEIRO,0.0,0.0,0.0,0.7333333333333334,0.1853932584269663,0.3670411985018726,0.0,0.0,0.0,0.0,0.4044943820224719,0.0,0.4195832408770904,0.4392236976506639,0.6217228464419475,0.0,0.0,0.0,0.696629213483146,0.3539325842696629,0.0,0.0,0.0,0.0,0.0,0.0,0.0
1404,VERDADEIRO,0.0,0.0,0.0,0.5333333333333334,0.495,0.9799999999999999,0.0,0.0,0.0,0.9799999999999999,0.0,0.0,0.3607899461400359,0.2345454545454545,0.0,0.0,0.0,0.0,0.0,0.0,0.0,0.0,0.0,0.0,0.0,0.0,0.0
1405,VERDADEIRO,0.0,0.0,0.0,0.6000000000000001,0.0,0.0,0.0,0.0,0.0,0.0,0.0,0.0,0.49495925977074995,0.4677544677544677,0.0,0.0,0.547008547008547,0.0,0.26495726495726496,0.0,0.0,0.0,0.0,0.0,0.0,0.0,0.0
1407,VERDADEIRO,0.0,0.0,0.0,0.13333333333333341,0.32781456953642385,0.0,0.0,0.0,0.0,0.0,0.0,0.32781456953642385,0.14762148215963006,0.4659843467790487,0.0,0.0,0.0,0.0,0.0,0.3129139072847682,0.0,0.0,0.0,0.0,0.0,0.0,0.0
1410,VERDADEIRO,0.0,0.0,0.0,0.7333333333333334,0.165,0.0,0.0,0.0,0.0,0.0,0.0,0.165,0.5193536804308798,0.3909090909090909,0.0,0.0,0.8533333333333333,0.0,0.0,0.0,0.0,0.0,0.0,0.0,0.0,0.0,0.0
1412,VERDADEIRO,0.0,0.0,0.0,0.6000000000000001,0.0,0.0,0.0,0.0,0.0,0.0,0.0,0.0,0.28150807899461405,0.5212121212121211,0.0,0.6222222222222222,0.0,0.0,0.3875,0.0,0.0,0.0,0.0,0.0,0.0,0.0,0.0
1414,VERDADEIRO,0.0,0.0,0.0,0.5333333333333334,0.12692307692307692,0.0,0.0,0.0,0.0,0.0,0.0,0.12692307692307692,0.4339732081204254,0.6013986013986014,0.0,0.0,0.0,0.0,0.0,0.24230769230769234,0.0,0.0,0.0,0.0,0.0,0.0,0.0
1415,VERDADEIRO,0.0,0.0,0.0,0.33333333333333337,0.0,0.0,0.0,0.0,0.0,0.0,0.0,0.0,0.643447037701975,0.33992094861660077,0.0,0.0,0.0,0.0,0.4043478260869565,0.0,0.0,0.0,0.0,0.0,0.0,0.0,0.0
1417,VERDADEIRO,0.0,0.0,0.0,0.06666666666666676,0.0,0.0,0.0,0.0,0.0,0.0,0.0,0.0,0.22009254810731538,0.33034571062740076,0.19483568075117372,0.7887323943661972,0.0,0.0,0.1091549295774648,0.6654929577464789,0.0,0.0,0.0,0.0,0.0,0.0,0.0
1418,VERDADEIRO,0.0,0.0,0.0,0.6000000000000001,0.0,0.0,0.0,0.0,0.0,0.0,0.0,0.0,0.41364452423698383,0.5212121212121211,0.0,0.9333333333333335,0.0,0.0,0.0,0.0,0.0,0.0,0.0,0.0,0.0,0.0,0.0
1419,VERDADEIRO,0.0,0.0,0.0,0.6666666666666667,0.29464285714285715,0.5833333333333333,0.0,0.0,0.0,0.0,0.6428571428571428,0.0,0.3806104129263914,0.2792207792207792,0.0,0.0,0.0,0.0,0.0,0.0,0.0,0.0,0.0,0.0,0.0,0.0,0.0
1421,VERDADEIRO,0.0,0.0,0.0,0.6000000000000001,0.532258064516129,0.0,0.0,0.0,0.0,0.0,0.0,0.532258064516129,0.5670932993571554,0.5884652981427174,0.8924731182795699,0.0,0.0,0.0,0.5,0.16935483870967744,0.0,0.0,0.0,0.0,0.0,0.0,0.0
1422,VERDADEIRO,0.0,0.0,0.0,0.6000000000000001,0.0,0.0,0.0,0.0,0.0,0.0,0.0,0.0,0.5527355192289521,0.4114832535885167,0.2912280701754386,0.0,0.6736842105263158,0.0,0.1631578947368421,0.0,0.0,0.3192982456140351,0.3192982456140351,0.0,0.0,0.0,0.0
1423,VERDADEIRO,0.0,0.0,0.0,0.20000000000000007,0.2920353982300885,0.0,0.0,0.0,0.0,0.0,0.0,0.2920353982300885,0.2359034651499023,0.48431214802896216,0.0,0.0,0.0,0.0,0.0,0.27876106194690264,0.0,0.0,0.0,0.0,0.0,0.0,0.0
1430,VERDADEIRO,0.0,0.0,0.0,0.6000000000000001,0.0,0.0,0.0,0.0,0.0,0.0,0.0,0.0,0.3098230315465504,0.4886363636363636,0.0,1.0,0.0,0.0,0.13839285714285712,0.0,0.0,0.0,0.0,0.0,0.0,0.0,0.0
1433,VERDADEIRO,0.0,0.0,0.0,0.4,0.3055555555555555,0.0,0.0,0.0,0.0,0.0,0.0,0.3055555555555555,0.32555356074207065,0.3619528619528619,0.0,0.0,0.19753086419753085,0.0,0.0,0.0,0.0,0.0,0.0,0.0,0.0,0.0,0.0
1439,VERDADEIRO,0.0,0.0,0.0,1.0,0.4583333333333333,0.0,0.0,0.0,0.0,0.0,0.0,0.4583333333333333,0.32555356074207065,0.43434343434343425,0.7685185185185185,0.0,0.0,0.0,0.5740740740740741,0.0,0.0,0.0,0.0,0.0,0.0,0.0,0.0
1442,VERDADEIRO,0.0,0.0,0.0,0.0,0.0,0.0,0.0,0.0,0.0,0.0,0.0,0.0,0.30237172824340924,0.47026657552973333,0.0,0.0,0.0,0.0,0.34962406015037595,0.35526315789473684,0.0,0.0,0.0,0.0,0.0,0.0,0.0
1445,VERDADEIRO,0.0,0.0,0.0,0.8,0.0,0.0,0.0,0.0,0.0,0.0,0.0,0.0,0.5322976587403363,0.398886827458256,0.0,0.0,0.0,0.0,0.0,0.3214285714285714,0.0,0.0,0.0,0.0,0.0,0.0,0.0
1460,VERDADEIRO,0.0,0.0,0.0,0.8,0.0,0.0,0.0,0.0,0.0,0.0,0.0,0.0,0.5069173091139508,0.4598930481283422,0.0,0.0,0.0,0.0,0.15196078431372548,0.0,0.0,0.0,0.0,0.0,0.0,0.0,0.0
1468,VERDADEIRO,0.0,0.0,0.0,0.8,0.0,0.0,0.0,0.0,0.0,0.0,0.0,0.0,0.6894075403949732,0.6798418972332015,0.8019323671497585,0.0,0.0,0.0,0.8985507246376812,0.4565217391304348,0.0,0.0,0.0,0.0,0.0,0.0,0.0
1515,VERDADEIRO,0.0,0.0,0.0,0.6666666666666667,0.4583333333333333,0.9074074074074073,0.0,0.0,0.0,0.0,1.0,0.0,0.32555356074207065,0.21717171717171713,0.0,0.0,0.0,0.0,0.0,0.0,0.0,0.0,0.0,0.0,0.0,0.0,0.0
1517,VERDADEIRO,0.0,0.0,0.0,0.4,0.0,0.0,0.0,0.0,0.0,0.0,0.0,0.0,0.5457809694793537,0.43434343434343425,0.2561728395061728,0.0,0.0,0.0,0.14351851851851852,0.0,0.0,0.0,0.0,0.0,0.0,0.0,0.0
1524,VERDADEIRO,0.0,0.0,0.0,0.5333333333333334,0.0,0.0,0.0,0.0,0.0,0.0,0.0,0.0,0.5582466718607093,0.2950257289879931,0.0,0.0,0.6037735849056604,0.0,0.0,0.0,0.0,0.0,0.0,0.0,0.0,0.0,0.0
1525,VERDADEIRO,0.0,0.0,0.0,0.2666666666666667,0.0,0.0,0.0,0.0,0.0,0.0,0.0,0.0,0.07237874439842237,0.36936292054402287,0.0,0.0,0.1679790026246719,0.0,0.0,0.24803149606299213,0.0,0.0,0.0,0.0,0.0,0.0,0.0
1526,VERDADEIRO,0.0,0.0,0.0,0.46666666666666673,0.0,0.0,0.0,0.0,0.0,0.0,0.0,0.0,0.4215925810936677,0.52904989747095,0.0,0.0,0.48120300751879697,0.0,0.0,0.0,0.0,0.0,0.0,0.0,0.0,0.0,0.0
1538,VERDADEIRO,0.0,0.0,0.0,0.33333333333333337,0.14347826086956522,0.0,0.0,0.0,0.0,0.0,0.0,0.14347826086956522,0.3676840215439857,0.40790513833992087,0.0,0.0,0.0,0.0,0.0,0.8217391304347825,0.0,0.0,0.0,0.0,0.0,0.0,0.0
1539,VERDADEIRO,0.0,0.0,0.0,0.4,0.41250000000000003,0.0,0.0,0.0,0.0,0.0,0.0,0.41250000000000003,0.28150807899461405,0.3257575757575757,0.46111111111111114,0.0,0.17777777777777776,0.0,0.2583333333333333,0.13125,0.0,0.0,0.0,0.0,0.0,0.0,0.0
1540,VERDADEIRO,0.0,0.0,0.0,0.13333333333333341,0.32781456953642385,0.0,0.0,0.0,0.0,0.0,0.0,0.32781456953642385,0.14762148215963006,0.4659843467790487,0.0,0.0,0.0,0.0,0.0,0.3129139072847682,0.0,0.0,0.0,0.0,0.0,0.0,0.0
1549,VERDADEIRO,0.0,0.0,0.0,0.5333333333333334,0.5051020408163265,0.9999999999999999,0.0,0.0,0.0,0.9999999999999999,0.0,0.0,0.4513977943062324,0.3191094619666048,0.0,0.0,0.0,0.0,0.15816326530612243,0.0,0.0,0.0,0.0,0.0,0.0,0.0,0.0
1551,VERDADEIRO,0.0,0.0,0.0,0.6000000000000001,0.0,0.0,0.0,0.0,0.0,0.0,0.0,0.0,0.4037651638450309,0.21920135938827526,0.0,0.0,0.0,0.0,0.0,0.0,0.0,0.0,0.0,0.0,0.0,0.0,0.0
1554,VERDADEIRO,0.0,0.0,0.0,0.2666666666666667,0.0,0.0,0.0,0.0,0.0,0.0,0.0,0.0,0.3676840215439857,0.33992094861660077,0.0,0.0,0.0,0.0,0.4043478260869565,0.8217391304347825,0.0,0.0,0.0,0.0,0.0,0.0,0.0
1557,VERDADEIRO,0.0,0.0,0.0,0.6000000000000001,0.0,0.0,0.0,0.0,0.0,0.0,0.0,0.0,0.6131975231744404,0.4786641929499072,0.0,0.0,0.6530612244897959,0.0,0.4744897959183673,0.0,0.0,0.0,0.0,0.0,0.0,0.0,0.0
1562,VERDADEIRO,0.0,0.0,0.0,0.8,0.0,0.0,0.0,0.0,0.0,0.0,0.0,0.0,0.28822688129507357,0.3975346687211094,0.0,0.0,0.0,0.0,0.3940677966101695,0.40042372881355937,0.0,0.0,0.0,0.0,0.0,0.0,0.0
1565,VERDADEIRO,0.0,0.0,0.0,0.8,0.0,0.0,0.0,0.0,0.0,0.0,0.0,0.0,0.5069173091139508,0.4598930481283422,0.0,0.0,0.0,0.0,0.15196078431372548,0.0,0.0,0.0,0.0,0.0,0.0,0.0,0.0
1568,VERDADEIRO,0.0,0.0,0.0,0.20000000000000007,0.165,0.0,0.0,0.0,0.0,0.0,0.0,0.165,0.44007181328545786,0.5472727272727272,0.0,0.0,0.0,0.0,0.0,0.4725,0.0,0.0,0.0,0.0,0.0,0.0,0.0
1575,VERDADEIRO,0.0,0.0,0.0,0.6000000000000001,0.4024390243902439,0.0,0.0,0.0,0.0,0.0,0.0,0.4024390243902439,0.20738275605377238,0.50849963045085,0.0,0.0,0.0,0.0,0.0,0.38414634146341464,0.0,0.0,0.0,0.0,0.0,0.0,0.0
1578,VERDADEIRO,0.0,0.0,0.0,0.6000000000000001,0.5755813953488372,0.0,0.0,0.0,0.0,0.0,0.0,0.5755813953488372,0.6226044841551501,0.5454545454545454,0.9651162790697675,0.0,0.0,0.0,0.5406976744186046,0.0,0.0,0.0,0.0,0.0,0.0,0.0,0.0
1622,VERDADEIRO,0.0,0.0,0.0,0.6000000000000001,0.0,0.0,0.0,0.0,0.0,0.0,0.0,0.0,0.4037651638450309,0.21920135938827526,0.0,0.0,0.0,0.0,0.0,0.0,0.0,0.0,0.0,0.0,0.0,0.0,0.0
1627,VERDADEIRO,0.0,0.0,0.0,0.6000000000000001,0.0,0.0,0.0,0.0,0.0,0.0,0.0,0.0,0.49495925977074995,0.3758741258741259,0.266025641025641,0.0,0.6153846153846154,0.0,0.14903846153846154,0.0,0.0,0.2916666666666667,0.2916666666666667,0.0,0.0,0.0,0.0
1634,VERDADEIRO,0.0,0.0,0.0,0.06666666666666676,0.0,0.0,0.0,0.0,0.0,0.0,0.0,0.0,0.35146266765233924,0.4598930481283422,0.0,0.0,0.0,0.0,0.26050420168067223,0.2647058823529412,0.0,0.0,0.0,0.0,0.0,0.0,0.0
1636,VERDADEIRO,0.0,0.0,0.0,0.6000000000000001,0.12406015037593984,0.0,0.0,0.0,0.0,0.0,0.0,0.12406015037593984,0.4215925810936677,0.5878332194121667,0.0,0.5614035087719298,0.0,0.0,0.11654135338345864,0.0,0.0,0.0,0.0,0.0,0.0,0.0,0.0
1638,VERDADEIRO,0.0,0.0,0.0,0.5333333333333334,0.0,0.0,0.0,0.0,0.0,0.0,0.0,0.0,0.6692051216288201,0.5154845154845155,0.0,0.0,0.0,0.0,0.0,0.0,0.0,0.0,0.0,0.0,0.0,0.0,0.0
1642,VERDADEIRO,0.0,0.0,0.0,0.8,0.5051020408163265,0.0,0.0,0.0,0.0,0.0,0.0,0.5051020408163265,0.37049792987212843,0.4786641929499072,0.8469387755102041,0.0,0.0,0.0,0.6326530612244897,0.0,0.0,0.0,0.0,0.0,0.0,0.0,0.0
1643,VERDADEIRO,0.0,0.0,0.0,0.8,0.0,0.0,0.0,0.0,0.0,0.0,0.0,0.0,0.513073928577777,0.4644464446444644,0.0,0.0,0.0,0.0,0.15346534653465346,0.0,0.0,0.0,0.0,0.0,0.0,0.0,0.0
1693,VERDADEIRO,0.0,0.0,0.0,0.6000000000000001,0.0,0.0,0.0,0.0,0.0,0.0,0.0,0.0,0.271839558611026,0.31781226903178117,0.0,0.6070460704607047,0.0,0.0,0.0,0.0,0.0,0.0,0.0,0.0,0.0,0.0,0.0
1694,VERDADEIRO,0.0,0.0,0.0,0.4,0.0,0.0,0.0,0.0,0.0,0.0,0.0,0.0,0.5389698125080975,0.8059981255857543,0.0,0.0,0.0,0.0,0.0,0.0,0.0,0.0,0.0,0.0,0.0,0.0,0.0
1696,VERDADEIRO,0.0,0.0,0.0,0.6666666666666667,0.4583333333333333,0.9074074074074073,0.0,0.0,0.0,0.0,1.0,0.0,0.32555356074207065,0.21717171717171713,0.0,0.0,0.0,0.0,0.0,0.0,0.0,0.0,0.0,0.0,0.0,0.0,0.0
1698,VERDADEIRO,0.0,0.0,0.0,0.33333333333333337,0.165,0.0,0.0,0.0,0.0,0.0,0.0,0.165,0.5986355475763017,0.7818181818181817,0.0,0.0,0.0,0.0,0.0,0.0,0.0,0.0,0.0,0.0,0.0,0.0,0.0
1704,VERDADEIRO,0.0,0.0,0.0,0.33333333333333337,0.13865546218487396,0.0,0.0,0.0,0.0,0.0,0.0,0.13865546218487396,0.21821583211381507,0.5255920550038197,0.0,0.0,0.0,0.0,0.0,0.1323529411764706,0.0,0.0,0.0,0.0,0.0,0.0,0.0
1719,VERDADEIRO,0.0,0.0,0.0,0.5333333333333334,0.0,0.0,0.0,0.0,0.0,0.0,0.0,0.0,0.4797127468581688,0.3909090909090909,0.0,0.0,0.5333333333333333,0.0,0.0,0.0,0.0,0.0,0.0,0.0,0.0,0.0,0.0
1722,VERDADEIRO,0.0,0.0,0.0,0.13333333333333341,0.0,0.0,0.0,0.0,0.0,0.0,0.0,0.0,0.05498845857912285,0.3909090909090909,0.0,0.0,0.15238095238095237,0.0,0.0,0.3375,0.0,0.0,0.0,0.0,0.0,0.0,0.0
1725,VERDADEIRO,0.0,0.0,0.0,0.5333333333333334,0.0,0.0,0.0,0.0,0.0,0.0,0.0,0.0,0.28822688129507357,0.1987673343605547,0.0,0.0,0.0,0.0,0.0,0.8008474576271187,0.0,0.0,0.0,0.0,0.0,0.0,0.0
1726,VERDADEIRO,0.0,0.0,0.0,0.6666666666666667,0.38372093023255816,0.0,0.0,0.0,0.0,0.0,0.0,0.38372093023255816,0.43822804893323875,0.5454545454545454,0.0,0.0,0.0,0.0,0.36046511627906974,0.2441860465116279,0.0,0.0,0.0,0.0,0.0,0.0,0.0
1728,VERDADEIRO,0.0,0.0,0.0,0.2666666666666667,0.29464285714285715,0.0,0.0,0.0,0.0,0.0,0.0,0.29464285714285715,0.23903565016670947,0.4886363636363636,0.0,0.3333333333333333,0.0,0.0,0.0,0.28125,0.0,0.0,0.0,0.0,0.0,0.0,0.0
1736,VERDADEIRO,0.0,0.0,0.0,0.6666666666666667,0.4583333333333333,0.9074074074074073,0.0,0.0,0.0,0.0,1.0,0.0,0.32555356074207065,0.21717171717171713,0.0,0.0,0.0,0.0,0.0,0.0,0.0,0.0,0.0,0.0,0.0,0.0,0.0
1753,VERDADEIRO,0.0,0.0,0.0,0.13333333333333341,0.2682926829268293,0.0,0.0,0.0,0.0,0.0,0.0,0.2682926829268293,0.20738275605377238,0.50849963045085,0.0,0.0,0.0,0.0,0.0,0.38414634146341464,0.0,0.0,0.0,0.0,0.0,0.0,0.0
1758,VERDADEIRO,0.0,0.0,0.0,0.4,0.0,0.0,0.0,0.0,0.0,0.0,0.0,0.0,0.30237172824340924,0.4114832535885167,0.0,0.0,0.0,0.0,0.0,0.6907894736842105,0.0,0.0,0.0,0.0,0.0,0.0,0.0
1759,VERDADEIRO,0.0,0.0,0.0,0.6000000000000001,0.0,0.0,0.0,0.0,0.0,0.0,0.0,0.0,0.35146266765233924,0.3941940412528648,0.0,0.6274509803921569,0.0,0.0,0.3907563025210084,0.0,0.0,0.0,0.0,0.0,0.0,0.0,0.0
1762,VERDADEIRO,0.0,0.0,0.0,0.8,0.0,0.0,0.0,0.0,0.0,0.0,0.0,0.0,0.31754529133344217,0.6396694214876032,0.0,0.0,0.0,0.0,0.42272727272727273,0.2863636363636364,0.0,0.0,0.0,0.0,0.0,0.0,0.0
1767,VERDADEIRO,0.0,0.0,0.0,0.4,0.3055555555555555,0.0,0.0,0.0,0.0,0.0,0.0,0.3055555555555555,0.32555356074207065,0.3619528619528619,0.0,0.0,0.19753086419753085,0.0,0.0,0.0,0.0,0.0,0.0,0.0,0.0,0.0,0.0
1768,VERDADEIRO,0.0,0.0,0.0,0.46666666666666673,0.0,0.0,0.0,0.0,0.0,0.0,0.0,0.0,0.30237172824340924,0.5486443381180223,0.0,0.0,0.0,0.0,0.0,0.1381578947368421,0.0,0.0,0.0,0.0,0.0,0.0,0.0
1775,VERDADEIRO,0.0,0.0,0.0,0.46666666666666673,0.0,0.0,0.0,0.0,0.0,0.0,0.0,0.0,0.4513977943062324,0.6282467532467533,0.0,0.0,0.0,0.0,0.4151785714285714,0.703125,0.0,0.0,0.0,0.0,0.0,0.0,0.0
1776,VERDADEIRO,0.0,0.0,0.0,0.33333333333333337,0.1774193548387097,0.0,0.0,0.0,0.0,0.0,0.0,0.1774193548387097,0.6523426188683616,0.6725317693059628,0.0,0.0,0.45878136200716846,0.0,0.0,0.0,0.0,0.0,0.0,0.0,0.0,0.0,0.0
1779,VERDADEIRO,0.0,0.0,0.0,0.46666666666666673,0.0,0.0,0.0,0.0,0.0,0.0,0.0,0.0,0.5221851756860735,0.4886363636363636,0.24702380952380953,0.0,0.0,0.0,0.13839285714285712,0.0,0.0,0.0,0.0,0.0,0.0,0.0,0.0
1783,VERDADEIRO,0.0,0.0,0.0,0.4,0.2820512820512821,0.5584045584045584,0.0,0.0,0.0,0.5584045584045584,0.0,0.0,0.49495925977074995,0.5345765345765345,0.2364672364672365,0.0,0.0,0.0,0.5299145299145299,0.0,0.0,0.0,0.0,0.0,0.0,0.0,0.0
1786,VERDADEIRO,0.0,0.0,0.0,0.6666666666666667,0.0,0.0,0.0,0.0,0.0,0.0,0.0,0.0,0.5322976587403363,0.398886827458256,0.0,0.0,0.0,0.0,0.0,0.3214285714285714,0.0,0.0,0.0,0.0,0.0,0.0,0.0
1793,VERDADEIRO,0.0,0.0,0.0,0.20000000000000007,0.15277777777777776,0.0,0.0,0.0,0.0,0.0,0.0,0.15277777777777776,0.5457809694793537,0.7239057239057238,0.0,0.0,0.0,0.0,0.0,0.0,0.0,0.0,0.0,0.0,0.0,0.0,0.0
1813,VERDADEIRO,0.0,0.0,0.0,0.6000000000000001,0.0,0.0,0.0,0.0,0.0,0.0,0.0,0.0,0.2987432675044883,0.4758893280632411,0.0,0.9739130434782609,0.0,0.0,0.0,0.0,0.0,0.0,0.0,0.0,0.0,0.0,0.0
1814,VERDADEIRO,0.0,0.0,0.0,0.4,0.12595419847328243,0.0,0.0,0.0,0.0,0.0,0.0,0.12595419847328243,0.4297833267093344,0.41776544066620397,0.0,0.0,0.0,0.0,0.0,0.601145038167939,0.0,0.0,0.0,0.0,0.0,0.0,0.0
1815,VERDADEIRO,0.0,0.0,0.0,0.6000000000000001,0.0,0.0,0.0,0.0,0.0,0.0,0.0,0.0,0.49495925977074995,0.4677544677544677,0.0,0.0,0.547008547008547,0.0,0.26495726495726496,0.0,0.0,0.0,0.0,0.0,0.0,0.0,0.0
1816,VERDADEIRO,0.0,0.0,0.0,0.4,0.0,0.0,0.0,0.0,0.0,0.0,0.0,0.0,0.3850744820224174,0.5634725634725635,0.0,0.0,0.0,0.0,0.0,0.0,0.0,0.0,0.0,0.0,0.0,0.0,0.0
1817,VERDADEIRO,0.0,0.0,0.0,0.13333333333333341,0.32781456953642385,0.0,0.0,0.0,0.0,0.0,0.0,0.32781456953642385,0.14762148215963006,0.4659843467790487,0.0,0.0,0.0,0.0,0.0,0.3129139072847682,0.0,0.0,0.0,0.0,0.0,0.0,0.0
1832,VERDADEIRO,0.0,0.0,0.0,0.7333333333333334,1.0,0.0,0.0,0.0,0.0,0.0,0.0,1.0,0.36559490778521303,0.3948576675849403,0.8383838383838385,0.0,0.0,0.0,0.4696969696969697,0.0,0.0,0.0,0.0,0.0,0.0,0.0,0.0
1840,VERDADEIRO,0.0,0.0,0.0,0.5333333333333334,0.0,0.0,0.0,0.0,0.0,0.0,0.0,0.0,0.24547086665578588,0.5330578512396693,0.0,0.0,0.0,0.0,0.3522727272727273,0.7159090909090909,0.0,0.0,0.0,0.0,0.0,0.0,0.0
1848,VERDADEIRO,0.0,0.0,0.0,0.8,0.0,0.0,0.0,0.0,0.0,0.0,0.0,0.0,1.0,0.3664772727272727,0.0,0.0,1.0,0.0,0.0,0.0,0.0,0.0,0.0,0.0,0.0,0.0,0.0
1849,VERDADEIRO,0.0,0.0,0.0,0.2666666666666667,0.31428571428571433,0.0,0.0,0.0,0.0,0.0,0.0,0.31428571428571433,0.18712490382149272,0.4467532467532467,0.0,0.0,0.0,0.0,0.0,0.30000000000000004,0.0,0.0,0.0,0.0,0.0,0.0,0.0
1850,VERDADEIRO,0.0,0.0,0.0,0.4,0.0,0.0,0.0,0.0,0.0,0.0,0.0,0.0,0.5389698125080975,0.8059981255857543,0.0,0.0,0.0,0.0,0.0,0.0,0.0,0.0,0.0,0.0,0.0,0.0,0.0
1857,VERDADEIRO,0.0,0.0,0.0,0.13333333333333341,0.0,0.0,0.0,0.0,0.0,0.0,0.0,0.0,0.5685631152107968,0.6739811912225705,0.0,0.0,0.0,0.0,0.0,0.0,0.0,0.0,0.0,0.0,0.0,0.0,0.0
1863,VERDADEIRO,0.0,0.0,0.0,0.4,0.0,0.0,0.0,0.0,0.0,0.0,0.0,0.0,0.7147927017661059,0.6363636363636364,0.0,0.0,0.0,0.0,0.0,0.0,0.0,0.7054263565891472,0.7054263565891472,0.0,0.0,0.0,0.0
1878,VERDADEIRO,0.0,0.0,0.0,0.7333333333333334,0.1853932584269663,0.3670411985018726,0.0,0.0,0.0,0.0,0.4044943820224719,0.0,0.4195832408770904,0.4392236976506639,0.6217228464419475,0.0,0.0,0.0,0.696629213483146,0.3539325842696629,0.0,0.0,0.0,0.0,0.0,0.0,0.0
1882,VERDADEIRO,0.0,0.0,0.0,0.8,0.0,0.0,0.0,0.0,0.0,0.0,0.0,0.0,0.31754529133344217,0.4975206611570247,0.0,0.0,0.0,0.0,0.42272727272727273,0.0,0.0,0.0,0.0,0.0,0.0,0.0,0.0
1883,VERDADEIRO,0.0,0.0,0.0,0.8,0.0,0.0,0.0,0.0,0.0,0.0,0.0,0.0,0.3098230315465504,0.4188311688311688,0.0,0.0,0.0,0.0,0.4151785714285714,0.421875,0.0,0.0,0.0,0.0,0.0,0.0,0.0
1889,VERDADEIRO,0.0,0.0,0.0,0.8,0.2682926829268293,0.5311653116531165,0.0,0.0,0.0,0.0,0.5853658536585367,0.0,0.271839558611026,0.38137472283813745,0.0,0.0,0.0,0.0,0.0,0.0,0.0,0.0,0.0,0.0,0.0,0.0,0.0
1890,VERDADEIRO,0.0,0.0,0.0,0.6000000000000001,0.0,0.0,0.0,0.0,0.0,0.0,0.0,0.0,0.533768565366411,0.4975206611570247,0.0,0.0,0.5818181818181818,0.0,0.42272727272727273,0.0,0.0,0.0,0.0,0.0,0.0,0.0,0.0
1891,VERDADEIRO,0.0,0.0,0.0,0.6000000000000001,0.0,0.0,0.0,0.0,0.0,0.0,0.0,0.0,0.41364452423698383,0.5212121212121211,0.6148148148148148,0.0,0.0,0.0,0.34444444444444444,0.0,0.0,0.0,0.0,0.0,0.0,0.0,0.0
1896,VERDADEIRO,0.0,0.0,0.0,0.6000000000000001,0.0,0.0,0.0,0.0,0.0,0.0,0.0,0.0,0.434577030413993,0.2322232223222322,0.0,0.0,0.8448844884488449,0.0,0.0,0.4678217821782178,0.0,0.0,0.0,0.0,0.0,0.0,0.0
1901,VERDADEIRO,0.0,0.0,0.0,0.46666666666666673,0.0,0.0,0.0,0.0,0.0,0.0,0.0,0.0,0.31754529133344217,0.568595041322314,0.0,0.0,0.0,0.0,0.2818181818181818,0.1431818181818182,0.0,0.0,0.0,0.0,0.0,0.0,0.0
1926,VERDADEIRO,0.0,0.0,0.0,0.4,0.0,0.0,0.0,0.0,0.0,0.0,0.0,0.0,0.30237172824340924,0.4114832535885167,0.0,0.9824561403508772,0.0,0.0,0.40789473684210525,0.41447368421052627,0.0,0.0,0.0,0.0,0.0,0.0,0.0
1933,VERDADEIRO,0.0,0.0,0.0,0.4,0.0,0.0,0.0,0.0,0.0,0.0,0.0,0.0,0.8117699176945138,0.8122786304604486,0.0,0.0,0.0,0.0,0.0,0.0,0.0,0.3939393939393939,0.3939393939393939,0.0,0.0,0.0,0.0
1935,VERDADEIRO,0.0,0.0,0.0,0.6000000000000001,0.0,0.0,0.0,0.0,0.0,0.0,0.0,0.0,0.4699649763075021,0.5767511177347242,0.0,0.0,0.0,0.0,0.38114754098360654,0.0,0.0,0.0,0.0,0.0,0.0,0.0,0.0
1957,VERDADEIRO,0.0,0.0,0.0,0.6000000000000001,0.0,0.0,0.0,0.0,0.0,0.0,0.0,0.0,0.25965874552934026,0.5540443808160344,0.0,0.0,0.0,0.0,0.0,0.0,0.0,0.0,0.0,0.0,0.0,0.0,0.0
1961,VERDADEIRO,0.0,0.0,0.0,0.8,0.0,0.0,0.0,0.0,0.0,0.0,0.0,0.0,0.3215126908569829,0.5738115095913261,0.0,0.0,0.0,0.0,0.42660550458715596,0.28899082568807344,0.0,0.0,0.0,0.0,0.0,0.0,0.0
1963,VERDADEIRO,0.0,0.0,0.0,0.6000000000000001,0.0,0.0,0.0,0.0,0.0,0.0,0.0,0.0,0.34757630161579894,0.5212121212121211,0.0,0.9333333333333335,0.0,0.0,0.2583333333333333,0.0,0.0,0.0,0.0,0.0,0.0,0.0,0.0
1965,VERDADEIRO,0.0,0.0,0.0,0.5333333333333334,0.0,0.0,0.0,0.0,0.0,0.0,0.0,0.0,0.5055655296229803,0.4758893280632411,0.0,0.0,0.5565217391304347,0.0,0.0,0.0,0.0,0.0,0.0,0.0,0.0,0.0,0.0
1966,VERDADEIRO,0.0,0.0,0.0,0.6000000000000001,0.0,0.0,0.0,0.0,0.0,0.0,0.0,0.0,0.488330341113106,0.33992094861660077,0.9021739130434783,0.0,0.6956521739130435,0.0,0.5054347826086957,0.0,0.0,0.9891304347826086,0.9891304347826086,0.0,0.0,0.0,0.0
1978,VERDADEIRO,0.0,0.0,0.0,0.33333333333333337,0.0,0.0,0.0,0.0,0.0,0.0,0.0,0.0,0.2538516137113273,0.3636363636363636,0.0,0.0,0.0,0.0,0.36046511627906974,0.0,0.0,0.0,0.0,0.0,0.0,0.0,0.0
2005,VERDADEIRO,0.0,0.0,0.0,0.6000000000000001,0.0,0.0,0.0,0.0,0.0,0.0,0.0,0.0,0.5193536804308798,0.469090909090909,0.0,0.0,0.21333333333333332,0.0,0.46499999999999997,0.0,0.0,0.0,0.0,0.0,0.0,0.0,0.0
2015,VERDADEIRO,0.0,0.0,0.0,0.46666666666666673,0.28448275862068967,0.0,0.0,0.0,0.0,0.0,0.0,0.28448275862068967,0.4318702408221383,0.5391849529780564,0.0,0.0,0.0,0.0,0.0,0.814655172413793,0.0,0.0,0.0,0.0,0.0,0.0,0.0
2022,VERDADEIRO,0.0,0.0,0.0,0.8666666666666667,0.0,0.0,0.0,0.0,0.0,0.0,0.0,0.0,0.6441804499789908,0.41586073500967113,0.5886524822695035,0.7943262411347518,0.22695035460992907,0.0,0.32978723404255317,0.1675531914893617,0.0,0.0,0.0,0.0,0.0,0.0,0.0
2023,VERDADEIRO,0.0,0.0,0.0,0.7333333333333334,0.0,0.0,0.0,0.0,0.0,0.0,0.0,0.0,0.23282623074742514,0.20574162679425834,0.0,0.0,0.5614035087719298,0.0,0.0,0.41447368421052627,0.0,0.0,0.0,0.0,0.0,0.0,0.0
2033,VERDADEIRO,0.0,0.0,0.0,0.6000000000000001,0.0,0.0,0.0,0.0,0.0,0.0,0.0,0.0,0.39843457370548807,0.1687377370830608,0.0,0.0,0.0,0.0,0.33453237410071945,0.0,0.0,0.0,0.0,0.0,0.0,0.0,0.0
2036,VERDADEIRO,0.0,0.0,0.0,0.5333333333333334,0.0,0.0,0.0,0.0,0.0,0.0,0.0,0.0,0.6330408861488434,0.5162950257289879,0.0,0.0,0.0,0.0,0.14622641509433962,0.14858490566037735,0.0,0.0,0.0,0.0,0.0,0.0,0.0
2040,VERDADEIRO,0.0,0.0,0.0,0.4,0.0,0.0,0.0,0.0,0.0,0.0,0.0,0.0,0.7552655777904279,0.8580931263858093,0.0,0.0,0.0,0.0,0.0,0.0,0.0,0.0,0.0,0.0,0.0,0.0,0.0
2043,VERDADEIRO,0.0,0.0,0.0,0.46666666666666673,0.0,0.0,0.0,0.0,0.0,0.0,0.0,0.0,0.42918998838314504,0.4598930481283422,0.0,0.0,0.0,0.0,0.0,0.15441176470588236,0.0,0.0,0.0,0.0,0.0,0.0,0.0
2050,VERDADEIRO,0.0,0.0,0.0,0.8666666666666667,0.0,0.0,0.0,0.0,0.0,0.0,0.0,0.0,0.33265767070133784,0.252199413489736,0.0,0.0,0.5161290322580645,0.0,0.0,0.0,0.0,0.0,0.0,0.0,0.0,0.0,0.0
2074,VERDADEIRO,0.0,0.0,0.0,0.8,0.0,0.0,0.0,0.0,0.0,0.0,0.0,0.0,0.5397196646517222,0.2151793160967473,0.253822629969419,0.0,0.0,0.0,0.5688073394495413,0.0,0.0,0.0,0.0,0.0,0.0,0.0,0.0
2079,VERDADEIRO,0.0,0.0,0.0,0.6000000000000001,0.0,0.0,0.0,0.0,0.0,0.0,0.0,0.0,0.39843457370548807,0.1687377370830608,0.0,0.0,0.0,0.0,0.33453237410071945,0.0,0.0,0.0,0.0,0.0,0.0,0.0,0.0
2087,VERDADEIRO,0.0,0.0,0.0,0.5333333333333334,0.0,0.0,0.0,0.0,0.0,0.0,0.0,0.0,0.6441804499789908,0.49903288201160534,0.8829787234042553,0.0,0.0,0.0,0.49468085106382975,0.0,0.0,0.0,0.0,0.0,0.0,0.0,0.0
2091,VERDADEIRO,0.0,0.0,0.0,0.4,0.0,0.0,0.0,0.0,0.0,0.0,0.0,0.0,0.3607899461400359,0.5472727272727272,0.0,0.0,0.0,0.0,0.0,0.0,0.0,0.0,0.0,0.0,0.0,0.0,0.0
2093,VERDADEIRO,0.0,0.0,0.0,0.6000000000000001,0.0,0.0,0.0,0.0,0.0,0.0,0.0,0.0,0.46520996628278666,0.5720620842572062,0.33739837398373984,0.0,0.0,0.0,0.18902439024390244,0.0,0.0,0.0,0.0,0.0,0.0,0.0,0.0
2103,VERDADEIRO,0.0,0.0,0.0,0.5333333333333334,0.0,0.0,0.0,0.0,0.0,0.0,0.0,0.0,0.32555356074207065,0.5067340067340067,0.0,0.345679012345679,0.0,0.0,0.0,0.14583333333333331,0.0,0.0,0.0,0.0,0.0,0.0,0.0
2107,VERDADEIRO,0.0,0.0,0.0,0.46666666666666673,0.0,0.0,0.0,0.0,0.0,0.0,0.0,0.0,0.48915106437548095,0.5956709956709957,0.0,0.0,0.0,0.0,0.14761904761904762,0.15000000000000002,0.0,0.0,0.0,0.0,0.0,0.0,0.0
2114,VERDADEIRO,0.0,0.0,0.0,0.8,0.0,0.0,0.0,0.0,0.0,0.0,0.0,0.0,0.29517736643347986,0.40438871473354226,0.0,0.0,0.0,0.0,0.0,0.0,0.0,0.0,0.0,0.0,0.0,0.0,0.0
2132,VERDADEIRO,0.0,0.0,0.0,0.4,0.0,0.0,0.0,0.0,0.0,0.0,0.0,0.0,0.5778529222080843,0.4554280670785525,0.8058252427184467,0.0,0.0,0.0,0.9029126213592233,0.0,0.0,0.0,0.0,0.0,0.0,0.0,0.0
2159,VERDADEIRO,0.0,0.0,0.0,0.6000000000000001,0.0,0.0,0.0,0.0,0.0,0.0,0.0,0.0,0.4059285274345098,0.2282680822826808,0.0,0.0,0.0,0.0,0.0,0.11496350364963503,0.0,0.0,0.0,0.0,0.0,0.0,0.0
2160,VERDADEIRO,0.0,0.0,0.0,0.13333333333333341,0.0,0.0,0.0,0.0,0.0,0.0,0.0,0.0,0.5519555697243242,0.5114698385726422,0.0,0.0,0.0,0.0,0.0,0.441588785046729,0.0,0.0,0.0,0.0,0.0,0.0,0.0
2166,VERDADEIRO,0.0,0.0,0.0,0.5333333333333334,0.0,0.0,0.0,0.0,0.0,0.0,0.0,0.0,0.5778529222080843,0.4554280670785525,0.0,0.0,0.6213592233009708,0.0,0.0,0.0,0.0,0.0,0.0,0.0,0.0,0.0,0.0
2171,VERDADEIRO,0.0,0.0,0.0,0.4,0.2323943661971831,0.0,0.0,0.0,0.0,0.0,0.0,0.2323943661971831,0.10842794649404508,0.38540332906530084,0.0,0.0,0.0,0.0,0.2183098591549296,0.33274647887323944,0.0,0.0,0.0,0.0,0.0,0.0,0.0
2180,VERDADEIRO,0.0,0.0,0.0,0.6000000000000001,0.0,0.0,0.0,0.0,0.0,0.0,0.0,0.0,0.8493376680091224,0.0,0.0,0.0,0.8648648648648649,0.0,0.6283783783783784,0.0,0.0,0.0,0.0,0.0,0.0,0.0,0.0
2184,VERDADEIRO,0.0,0.0,0.0,0.5333333333333334,0.4583333333333333,0.9074074074074073,0.0,0.0,0.0,0.0,1.0,0.0,0.32555356074207065,0.21717171717171713,0.0,0.0,0.0,0.0,0.0,0.14583333333333331,0.0,0.28086419753086417,0.28086419753086417,0.0,0.0,0.0,0.0
2197,VERDADEIRO,0.0,0.0,0.0,0.6000000000000001,0.0,0.0,0.0,0.0,0.0,0.0,0.0,0.0,0.3607899461400359,0.3127272727272727,0.0,0.0,0.0,0.0,0.46499999999999997,0.1575,0.0,0.0,0.0,0.0,0.0,0.0,0.0
2204,VERDADEIRO,0.0,0.0,0.0,0.46666666666666673,0.0,0.0,0.0,0.0,0.0,0.0,0.0,0.0,0.6523426188683616,0.504398826979472,0.0,0.0,0.0,0.0,0.0,0.0,0.0,0.0,0.0,0.0,0.0,0.0,0.0
2219,VERDADEIRO,0.0,0.0,0.0,0.33333333333333337,0.4759615384615385,0.0,0.0,0.0,0.0,0.0,0.0,0.4759615384615385,0.4187266952078442,0.6765734265734265,0.0,0.0,0.0,0.0,0.0,0.3028846153846154,0.0,0.0,0.0,0.0,0.0,0.0,0.0
2222,VERDADEIRO,0.0,0.0,0.0,0.6000000000000001,0.0,0.0,0.0,0.0,0.0,0.0,0.0,0.0,0.5397196646517222,0.28690575479566305,0.0,0.0,0.0,0.0,0.7110091743119267,0.0,0.0,0.0,0.0,0.0,0.0,0.0,0.0
2223,VERDADEIRO,0.0,0.0,0.0,0.8,0.0,0.0,0.0,0.0,0.0,0.0,0.0,0.0,0.4897909503088581,0.3975346687211094,0.0,0.0,0.0,0.0,0.0,0.13347457627118645,0.0,0.0,0.0,0.0,0.0,0.0,0.0
2225,VERDADEIRO,0.0,0.0,0.0,0.46666666666666673,0.10927152317880795,0.0,0.0,0.0,0.0,0.0,0.0,0.10927152317880795,0.20012602993805512,0.4659843467790487,0.0,0.0,0.0,0.0,0.0,0.3129139072847682,0.0,0.0,0.0,0.0,0.0,0.0,0.0
2226,VERDADEIRO,0.0,0.0,0.0,0.5333333333333334,0.5103092783505154,0.0,0.0,0.0,0.0,0.0,0.0,0.5103092783505154,0.6207036961631717,0.564198687910028,0.8556701030927836,0.0,0.0,0.0,0.4793814432989691,0.0,0.0,0.0,0.0,0.0,0.0,0.0,0.0
2231,VERDADEIRO,0.0,0.0,0.0,0.4,0.0,0.0,0.0,0.0,0.0,0.0,0.0,0.0,0.5711918243336556,0.45104895104895104,0.0,0.0,0.20512820512820512,0.0,0.0,0.0,0.0,0.0,0.0,0.0,0.0,0.0,0.0
2232,VERDADEIRO,0.0,0.0,0.0,0.33333333333333337,0.0,0.0,0.0,0.0,0.0,0.0,0.0,0.0,0.30237172824340924,0.48006379585326947,0.0,0.0,0.0,0.0,0.13596491228070173,0.41447368421052627,0.0,0.0,0.0,0.0,0.0,0.0,0.0
2234,VERDADEIRO,0.0,0.0,0.0,0.6000000000000001,0.0,0.0,0.0,0.0,0.0,0.0,0.0,0.0,0.5397196646517222,0.2151793160967473,0.253822629969419,0.0,0.5871559633027523,0.0,0.14220183486238533,0.0,0.0,0.0,0.0,0.0,0.0,0.0,0.0
2238,VERDADEIRO,0.0,0.0,0.0,0.6000000000000001,0.0,0.0,0.0,0.0,0.0,0.0,0.0,0.0,0.33813798409848683,0.29783549783549784,0.0,0.0,0.0,0.0,0.29523809523809524,0.30000000000000004,0.0,0.0,0.0,0.0,0.0,0.0,0.0
2244,VERDADEIRO,0.0,0.0,0.0,1.0,0.0,0.0,0.0,0.0,0.0,0.0,0.0,0.0,0.3676840215439857,0.2719367588932806,0.0,0.0,0.1855072463768116,0.0,0.0,0.0,0.0,0.0,0.0,0.0,0.0,0.0,0.0
2247,VERDADEIRO,0.0,0.0,0.0,0.6000000000000001,0.0,0.0,0.0,0.0,0.0,0.0,0.0,0.0,0.32966996090538436,0.584536958368734,0.0,0.34890965732087226,0.0,0.0,0.0,0.0,0.0,0.0,0.0,0.0,0.0,0.0,0.0
2250,VERDADEIRO,0.0,0.0,0.0,0.7333333333333334,0.0,0.0,0.0,0.0,0.0,0.0,0.0,0.0,0.26872068106793306,0.37829912023460405,0.0,0.0,0.0,0.0,0.375,0.7620967741935484,0.0,0.0,0.0,0.0,0.0,0.0,0.0
2257,VERDADEIRO,0.0,0.0,0.0,0.6000000000000001,0.0,0.0,0.0,0.0,0.0,0.0,0.0,0.0,0.4425493716337523,0.3664772727272727,0.0,0.0,0.0,0.0,0.0,0.0,0.0,0.0,0.0,0.0,0.0,0.0,0.0
2258,VERDADEIRO,0.0,0.0,0.0,0.5333333333333334,0.0,0.0,0.0,0.0,0.0,0.0,0.0,0.0,0.30606440952638186,0.2075623491552695,0.0,0.0,0.0,0.0,0.0,0.0,0.0,0.0,0.0,0.0,0.0,0.0,0.0
2273,VERDADEIRO,0.0,0.0,0.0,0.6000000000000001,0.0,0.0,0.0,0.0,0.0,0.0,0.0,0.0,0.49495925977074995,0.0,0.0,0.0,0.7032967032967032,0.0,0.510989010989011,0.5192307692307693,0.0,0.0,0.0,0.0,0.0,0.0,0.0
2277,VERDADEIRO,0.0,0.0,0.0,0.5333333333333334,0.32673267326732675,0.0,0.0,0.0,0.0,0.0,0.0,0.32673267326732675,0.2775832340864248,0.4644464446444644,0.0,0.0,0.0,0.0,0.46039603960396036,0.15594059405940594,0.0,0.0,0.0,0.0,0.0,0.0,0.0
2303,VERDADEIRO,0.0,0.0,0.0,0.8666666666666667,0.0,0.0,0.0,0.0,0.0,0.0,0.0,0.0,0.4747985815392377,0.3876784372652141,0.0,0.0,0.0,0.0,0.0,0.0,0.0,0.0,0.0,0.0,0.0,0.0,0.0
2306,VERDADEIRO,0.0,0.0,0.0,0.6000000000000001,0.0,0.0,0.0,0.0,0.0,0.0,0.0,0.0,0.14292595349651888,0.38137472283813745,0.0,0.0,0.34688346883468835,0.0,0.0,0.0,0.0,0.0,0.0,0.0,0.0,0.0,0.0
312,VERDADEIRO,0.0,0.0,0.0,0.8,0.0,0.0,0.0,0.0,0.0,0.0,0.0,0.0,0.6692051216288201,0.25774225774225773,0.30402930402930406,0.0,0.0,0.0,0.17032967032967034,0.0,0.0,1.0,1.0,0.0,0.0,0.0,0.0
