id,rotulo,MAIUSCULAS,EXCLAMA,ASPAS,POL_ABSOLUTO,funct,pronoun,ppron,i,we,you,shehe,they,ipron,article,prep,auxverb,adverb,conj,negate,verb,adj,interrog,affect,posemo,negemo,anx,anger,sad
626,FALSO,0.06912878787878787,0.0,0.0,0.4,0.604752561587094,0.30492424242424243,0.33522727272727276,0.0,0.0,0.0,0.4469696969696969,0.0,0.3825757575757576,0.33522727272727276,0.37398900032351995,0.6363636363636364,0.30303030303030304,0.0,0.0,0.30303030303030304,0.44886363636363635,0.0,0.4090909090909091,0.0,0.48295454545454547,0.0,0.7045454545454546,0.0
972,FALSO,0.04138321995464852,0.0,0.0,0.6000000000000001,0.35011990407673865,0.1369047619047619,0.15051020408163265,0.0,0.0,0.0,0.2006802721088435,0.0,0.17176870748299322,0.3010204081632653,0.4345994625608251,0.0,0.0,0.18253968253968253,0.0,0.40816326530612246,0.0,0.0,0.18367346938775508,0.3112244897959183,0.0,0.0,0.0,0.0
42,FALSO,0.036646586345381524,0.0,0.0,0.8,0.34168327988211844,0.3232931726907631,0.177710843373494,0.0,0.0,0.0,0.2369477911646586,0.0,0.40562248995983946,0.355421686746988,0.1414054795695237,0.3373493975903615,0.16064257028112452,0.21552878179384205,0.0,0.4819277108433735,0.23795180722891568,0.24096385542168675,0.21686746987951808,0.3674698795180723,0.0,0.0,0.0,0.0
1043,FALSO,0.02157210401891253,0.0,0.0,0.4,0.7374866064595134,0.2854609929078014,0.31382978723404253,0.0,0.0,0.0,0.4184397163120567,0.0,0.35815602836879434,0.6276595744680851,0.5740894979934883,0.0,0.0,0.3806146572104019,0.0,0.0,0.4202127659574468,0.0,0.3829787234042553,0.648936170212766,0.0,0.0,0.0,0.0
831,FALSO,0.10735294117647058,0.0,0.0,0.4,0.3295246156016364,0.47352941176470587,0.5205882352941177,0.0,0.0,0.6941176470588235,0.6941176470588234,0.47352941176470587,0.39607843137254906,0.34705882352941175,0.13523131672597866,0.0,0.0,0.21045751633986928,0.0,0.0,0.0,0.0,0.21176470588235294,0.0,0.25,0.0,0.0,0.0
261,FALSO,0.018892339544513456,0.0,0.0,0.4,0.7839641330413931,1.0,0.6413043478260869,0.0,0.0,0.0,0.3664596273291925,0.9999999999999999,0.8364389233954452,0.5496894409937888,0.08191684533940453,0.17391304347826086,0.49689440993788825,1.0,0.2453416149068323,0.16563146997929606,0.0,0.9937888198757763,0.11180124223602483,0.0,0.13198757763975155,0.0,0.0,0.0
928,FALSO,0.061822493224932246,0.0,0.0,0.4,0.7664210095338364,0.16361788617886178,0.1798780487804878,0.0,0.0,0.0,0.2398373983739837,0.0,0.0,0.3597560975609756,0.277406475132367,0.34146341463414637,0.4878048780487805,0.21815718157181574,0.0,0.3252032520325204,0.0,0.0,0.43902439024390244,0.3719512195121951,0.25914634146341464,0.0,0.0,0.0
38,FALSO,0.066703216374269,0.0,0.0,0.4,0.502145651899533,0.17653508771929824,0.0,0.0,0.0,0.0,0.0,0.0,0.22149122807017546,0.3881578947368421,0.7387151151901105,0.0,0.17543859649122806,0.23538011695906433,0.0,0.0,0.2598684210526316,0.0,0.23684210526315788,0.0,0.27960526315789475,0.0,0.0,0.0
182,FALSO,0.06992337164750957,0.0,0.0,0.4,0.5644174315719839,0.0,0.0,0.0,0.0,0.0,0.0,0.0,0.0,0.0,0.6300159528776537,0.48275862068965514,0.0,0.0,0.0,0.45977011494252873,0.0,0.0,0.3103448275862069,0.0,0.36637931034482757,0.0,0.0,0.0
1143,FALSO,0.05696004993757802,0.0,0.0,0.6000000000000001,0.6441812841861343,0.45224719101123595,0.33146067415730335,0.0,0.0,0.33146067415730335,0.4419475655430711,0.22612359550561797,0.4728464419475656,0.4143258426966292,0.18489343836218963,0.3146067415730337,0.299625468164794,0.5024968789013733,0.4438202247191011,0.37453183520599254,0.22191011235955055,0.2247191011235955,0.3033707865168539,0.34269662921348315,0.11938202247191011,0.0,0.0,0.2640449438202247
1013,FALSO,0.0302653399668325,0.0,0.0,0.2,0.4650846486989513,0.20024875621890545,0.22014925373134328,0.0,0.0,0.0,0.29353233830845765,0.0,0.2512437810945274,0.44029850746268656,0.5291336909757264,0.417910447761194,0.0,0.0,0.0,0.39800995024875624,0.0,0.0,0.26865671641791045,0.0,0.3171641791044776,0.0,0.0,0.0
310,FALSO,0.09052579365079365,0.0,0.0,0.4,0.2844724220623501,0.47916666666666663,0.26339285714285715,0.0,0.0,0.0,0.3511904761904761,0.0,0.6011904761904763,0.26339285714285715,0.46237925775292327,0.0,0.23809523809523808,0.3194444444444444,0.0,0.23809523809523808,0.3526785714285714,0.0,0.0,0.0,0.0,0.0,0.0,0.0
1046,FALSO,0.06336805555555555,0.0,0.0,0.4,0.2270308752997602,0.0,0.0,0.0,0.0,0.0,0.0,0.0,0.0,0.4609375,0.3894572953736655,0.0,0.0,0.0,0.0,0.0,0.0,0.0,0.28125,0.0,0.33203125,0.0,0.0,0.0
722,FALSO,0.061822493224932246,0.0,0.0,0.4,0.34798502661285613,0.32723577235772355,0.1798780487804878,0.0,0.0,0.0,0.2398373983739837,0.0,0.410569105691057,0.5396341463414633,0.277406475132367,0.0,0.0,0.0,0.0,0.0,0.0,0.0,0.0,0.0,0.0,0.0,0.0,0.0
106,FALSO,0.023688992731048804,0.0,0.0,0.4,0.5063650014567785,0.4388629283489096,0.1378504672897196,0.0,0.0,0.0,0.18380062305295947,0.0,0.5506230529595015,0.4135514018691589,0.286094389197459,0.1308411214953271,0.12461059190031153,0.08359293873312565,0.0,0.12461059190031153,0.09228971962616822,0.18691588785046728,0.08411214953271028,0.1425233644859813,0.0,0.0,0.0,0.0
556,FALSO,0.03653653653653653,0.0,0.0,0.4,0.2886123533605549,0.24174174174174173,0.26576576576576577,0.0,0.0,0.0,0.3543543543543543,0.0,0.30330330330330335,0.0,0.27142444936039245,0.0,0.0,0.32232232232232233,0.0,0.24024024024024024,0.17792792792792791,0.36036036036036034,0.16216216216216217,0.0,0.19144144144144143,0.0,0.0,0.0
974,FALSO,0.07418699186991869,0.0,0.0,0.4,0.5920726833167613,0.5453929539295392,0.23983739837398377,0.0,0.0,0.0,0.31978319783197834,0.0,0.6842818428184283,0.47967479674796754,0.14460550299453173,0.4552845528455285,0.10840108401084013,0.2908762420957543,0.0,0.21680216802168026,0.16056910569105692,0.1626016260162602,0.0,0.0,0.0,0.0,0.0,0.0
74,FALSO,0.031196581196581197,0.0,0.0,0.6000000000000001,0.7927073725634878,0.5504273504273504,0.07564102564102564,0.0,0.0,0.0,0.0,0.2064102564102564,0.6042735042735043,0.6051282051282051,0.325759649603066,0.4307692307692308,0.27350427350427353,0.36695156695156694,0.0,0.3418803418803419,0.10128205128205128,0.20512820512820512,0.27692307692307694,0.0,0.3269230769230769,0.0,0.0,0.0
157,FALSO,0.08851410934744267,0.0,0.0,0.4,0.301492139621636,0.10648148148148147,0.0,0.0,0.0,0.0,0.0,0.0,0.1335978835978836,0.0,0.22470767666497204,0.2222222222222222,0.21164021164021163,0.1419753086419753,0.3134920634920635,0.21164021164021163,0.0,0.15873015873015872,0.5714285714285714,0.24206349206349204,0.5059523809523809,0.0,0.24603174603174602,0.0
301,FALSO,0.10138888888888889,0.0,0.0,0.4,0.1925659472422063,0.19166666666666665,0.0,0.0,0.0,0.0,0.0,0.0,0.2404761904761905,0.21071428571428572,0.03457041179461108,0.0,0.0,0.25555555555555554,0.0,0.19047619047619047,0.28214285714285714,0.0,0.0,0.0,0.0,0.0,0.0,0.0
570,FALSO,0.06336805555555555,0.0,0.0,0.4,0.3610611510791367,0.4192708333333333,0.23046875,0.0,0.0,0.0,0.30729166666666663,0.0,0.5260416666666667,0.23046875,0.2193060498220641,0.0,0.20833333333333334,0.2795138888888889,0.6171875,0.4166666666666667,0.0,0.3125,0.5625,0.0,0.6640625,0.0,0.0,0.734375
63,FALSO,0.03621031746031746,0.0,0.0,0.4,0.7440047961630696,0.47916666666666663,0.3950892857142857,0.0,0.4732142857142857,0.0,0.3511904761904761,0.0,0.4508928571428572,0.3950892857142857,0.46237925775292327,0.0,0.5952380952380952,0.47916666666666663,0.0,0.11904761904761904,0.3526785714285714,0.17857142857142855,0.1607142857142857,0.27232142857142855,0.0,0.0,0.0,0.0
1679,FALSO,0.054804804804804805,0.0,0.0,0.4,0.40453042971028585,0.543918918918919,0.3986486486486487,0.0,0.0,0.0,0.26576576576576577,0.543918918918919,0.454954954954955,0.3986486486486487,0.02616139270943542,0.3783783783783784,0.1801801801801802,0.0,0.0,0.1801801801801802,0.0,0.0,0.0,0.0,0.0,0.0,0.0,0.0
634,FALSO,0.013701201201201201,0.0,0.0,0.4,0.40453042971028585,0.36261261261261263,0.19932432432432434,0.0,0.0,0.0,0.26576576576576577,0.0,0.454954954954955,0.19932432432432434,0.17331922670000965,0.0,0.1801801801801802,0.4834834834834835,0.0,0.1801801801801802,0.0,0.2702702702702703,0.4864864864864865,0.0,0.5743243243243243,0.7297297297297298,0.0,0.0
609,FALSO,0.0375514403292181,0.0,0.0,1.0,0.3544423720283033,0.16563786008230452,0.0,0.0,0.0,0.0,0.0,0.0,0.2078189300411523,0.3641975308641975,0.28232502965599054,0.345679012345679,0.1646090534979424,0.22085048010973937,0.0,0.3292181069958848,0.24382716049382713,0.24691358024691357,0.2222222222222222,0.3765432098765432,0.0,0.0,0.0,0.0
80,FALSO,0.029106858054226473,0.0,0.0,0.4,0.8510091448372403,0.6419457735247208,0.423444976076555,0.0,0.0,0.2822966507177033,0.37639553429027106,0.38516746411483255,0.6443381180223287,0.6351674641148326,0.40004086567113356,0.4019138755980861,0.2551834130781499,0.5135566188197768,0.0,0.3189792663476874,0.09449760765550239,0.19138755980861244,0.34449760765550236,0.0,0.4066985645933014,0.0,0.0,0.6746411483253588
94,FALSO,0.061077643908969206,0.0,0.0,0.4,0.031637340729825825,0.0,0.0,0.0,0.0,0.0,0.0,0.0,0.0,0.177710843373494,0.1414054795695237,0.0,0.0,0.0,0.0,0.16064257028112452,0.47590361445783136,0.0,0.21686746987951808,0.0,0.2560240963855422,0.0,0.0,0.0
875,FALSO,0.0869047619047619,0.0,0.0,0.4,0.39680255795363717,0.3833333333333333,0.28095238095238095,0.0,0.0,0.0,0.3746031746031746,0.0,0.480952380952381,0.5619047619047619,0.2938485002541943,0.0,0.126984126984127,0.0,0.0,0.253968253968254,0.0,0.1904761904761905,0.34285714285714286,0.0,0.4047619047619048,0.0,0.0,0.0
993,FALSO,0.062393162393162394,0.0,0.0,0.4,0.3528131341080982,0.20641025641025643,0.22692307692307695,0.0,0.0,0.0,0.30256410256410254,0.0,0.258974358974359,0.22692307692307695,0.3816041609635917,0.0,0.20512820512820515,0.27521367521367524,0.0,0.0,0.0,0.0,0.8307692307692308,0.0,0.9807692307692308,0.0,0.0,0.0
103,FALSO,0.050192519251925194,0.0,0.0,0.2,0.8441009568582758,0.9298679867986799,0.29207920792079206,0.0,0.0,0.0,0.3894389438943894,0.0,1.0,0.29207920792079206,0.202459391846658,0.27722772277227725,0.7920792079207921,0.5313531353135313,0.3910891089108911,0.6600660066006602,0.3910891089108911,0.39603960396039606,0.3564356435643564,0.30198019801980197,0.2103960396039604,0.0,0.3069306930693069,0.0
83,FALSO,0.05964052287581699,0.0,0.0,0.4,0.3295246156016364,0.5261437908496732,0.2892156862745098,0.0,0.0,0.0,0.3856209150326797,0.0,0.6601307189542485,0.5784313725490196,0.09252669039145907,0.0,0.0,0.35076252723311546,0.0,0.26143790849673204,0.3872549019607843,0.0,0.3529411764705882,0.5980392156862745,0.0,0.0,0.0,0.0
1104,FALSO,0.07651991614255764,0.0,0.0,0.4,0.6746414189403196,0.5062893081761006,0.20872641509433962,0.0,0.0,0.0,0.2783018867924528,0.0,0.5558176100628932,0.6261792452830188,0.39266769623312975,0.1320754716981132,0.44025157232704404,0.2531446540880503,0.18632075471698112,0.12578616352201258,0.2794811320754717,0.2830188679245283,0.25471698113207547,0.14386792452830188,0.20047169811320753,0.0,0.0,0.0
2072,FALSO,0.025997150997150994,0.0,0.0,0.4,0.4114656992354835,0.22934472934472935,0.2521367521367522,0.0,0.0,0.0,0.16809116809116809,0.34401709401709407,0.1438746438746439,0.2521367521367522,0.15822611552148919,0.717948717948718,0.11396011396011398,0.0,0.33760683760683763,0.5698005698005698,0.33760683760683763,0.0,0.15384615384615385,0.0,0.18162393162393164,0.0,0.0,0.0
1210,FALSO,0.033242258652094715,0.0,0.0,0.4,0.9499154774541025,0.21994535519125682,0.2418032786885246,0.0,0.0,0.0,0.3224043715846994,0.0,0.2759562841530055,0.9672131147540984,0.5930809170993525,0.45901639344262296,0.21857923497267762,0.5865209471766849,0.0,0.8743169398907105,0.0,0.0,0.29508196721311475,0.0,0.3483606557377049,0.0,0.0,0.0
583,FALSO,0.07733050847457627,0.576271186440678,0.0,0.2,0.47918952973214657,0.4548022598870056,0.375,0.0,0.0,0.0,0.49999999999999994,0.0,0.42796610169491534,0.5,0.34043066529947524,0.23728813559322035,0.0,0.0,0.0,0.22598870056497175,0.0,0.1694915254237288,0.0,0.0,0.0,0.0,0.0,0.0
49,FALSO,0.034564393939393936,0.0,0.0,0.4,0.31232286897754524,0.0,0.0,0.0,0.0,0.0,0.0,0.0,0.0,0.16761363636363638,0.12649627952119058,0.3181818181818182,0.15151515151515152,0.2032828282828283,0.44886363636363635,0.30303030303030304,0.0,0.0,0.0,0.0,0.0,0.0,0.0,0.0
1180,FALSO,0.018603465851172275,0.0,0.0,0.4,0.6906034805183378,0.6154434250764526,0.27064220183486243,0.0,0.0,0.0,0.18042813455657492,0.36926605504587157,0.6177370030581041,0.4059633027522936,0.6782461066309707,0.0,0.24464831804281348,0.3282364933741081,0.0,0.24464831804281348,0.3623853211009175,0.1834862385321101,0.0,0.0,0.0,0.0,0.0,0.0
131,FALSO,0.023912473794549267,0.0,0.0,0.4,0.6341794488937154,0.443003144654088,0.1391509433962264,0.0,0.0,0.0,0.1855345911949685,0.0,0.5558176100628932,0.41745283018867924,0.28993486873027596,0.5283018867924528,0.18867924528301888,0.33752620545073375,0.0,0.25157232704402516,0.2794811320754717,0.18867924528301885,0.5943396226415094,0.0,0.7016509433962264,0.0,0.0,0.22169811320754715
952,FALSO,0.017184557438794726,0.0,0.0,0.4,0.8426614640490999,0.9096045197740112,1.0,0.0,0.0,1.0,0.9999999999999999,0.0,0.5706214689265537,1.0,0.24814524398335247,0.0,0.0,0.3032015065913371,0.0,0.4519774011299435,0.0,0.0,0.0,0.0,0.0,0.0,0.0,0.0
588,FALSO,0.06590277777777778,0.34,0.0,0.4,0.6827338129496404,0.46958333333333335,0.36875,0.0,0.265,0.295,0.29499999999999993,0.0,0.4208333333333334,0.36875,0.20569395017793596,0.56,0.2,0.2683333333333333,0.1975,0.33333333333333337,0.0,0.1,0.09,0.0,0.10625,0.0,0.0,0.0
44,FALSO,0.10621693121693121,0.0,0.0,0.8,0.4784972022382096,0.3833333333333333,0.42142857142857143,0.0,0.0,0.5619047619047619,0.5619047619047618,0.38333333333333336,0.16031746031746036,0.28095238095238095,0.2938485002541943,0.2666666666666667,0.126984126984127,0.1703703703703704,0.37619047619047624,0.126984126984127,0.0,0.0,0.34285714285714286,0.2904761904761905,0.2023809523809524,0.0,0.29523809523809524,0.0
1187,FALSO,0.08859223300970874,0.0,0.0,0.4,0.3246257363041606,0.13025889967637538,0.14320388349514562,0.0,0.0,0.0,0.1909385113268608,0.0,0.1634304207119741,0.5728155339805825,0.4076287876170404,0.0,0.0,0.0,0.0,0.12944983818770225,0.19174757281553395,0.0,0.17475728155339804,0.2961165048543689,0.0,0.0,0.0,0.0
1110,FALSO,0.0533625730994152,0.0,0.0,0.6000000000000001,0.7278808532121671,0.5043859649122806,0.44360902255639095,0.0,0.0,0.44360902255639095,0.29573934837092725,0.3026315789473684,0.37969924812030076,0.44360902255639095,0.4521445963663608,0.21052631578947367,0.10025062656641603,0.26900584795321636,0.0,0.20050125313283207,0.0,0.15037593984962405,0.40601503759398494,0.22932330827067668,0.31954887218045114,0.0,0.0,0.0
1230,FALSO,0.038624338624338624,0.1619047619047619,0.0,0.0,0.7644284572342127,0.4472222222222222,0.21071428571428572,0.0,0.0,0.5619047619047619,0.09365079365079365,0.0,0.4007936507936508,0.35119047619047616,0.44941535332994414,0.2666666666666667,0.253968253968254,0.5111111111111111,0.0,0.253968253968254,0.28214285714285714,0.1904761904761905,0.2571428571428571,0.0,0.30357142857142855,0.0,0.0,0.0
758,FALSO,0.10138888888888889,0.5666666666666667,0.0,0.4,0.11087130295763395,0.2236111111111111,0.24583333333333332,0.0,0.0,0.0,0.16388888888888886,0.33541666666666664,0.1402777777777778,0.12291666666666666,0.1512455516014235,0.0,0.0,0.0,0.0,0.0,0.0,0.0,0.3,0.5083333333333333,0.0,0.0,0.0,0.0
849,FALSO,0.06759259259259259,0.3238095238095238,0.0,0.4,0.39680255795363717,0.2555555555555556,0.28095238095238095,0.0,0.0,0.5619047619047619,0.3746031746031746,0.38333333333333336,0.16031746031746036,0.28095238095238095,0.39755973563802743,0.0,0.0,0.0,0.0,0.0,0.0,0.0,0.17142857142857143,0.0,0.2023809523809524,0.0,0.0,0.0
2149,FALSO,0.031933508311461065,0.0,0.0,0.8,0.5003682093695123,0.3169291338582677,0.3484251968503937,0.0,0.0,0.0,0.4645669291338582,0.0,0.2650918635170604,0.6968503937007874,0.47922212570403794,0.2204724409448819,0.0,0.0,0.0,0.2099737532808399,0.0,0.0,0.0,0.0,0.0,0.0,0.0,0.0
1234,FALSO,0.019312169312169312,0.0,0.0,0.4,0.6827338129496404,0.7666666666666666,0.5619047619047619,0.0,0.25238095238095243,0.0,0.5619047619047618,0.19166666666666668,0.8015873015873016,0.8428571428571429,0.5531265887137774,0.0,0.19047619047619047,0.25555555555555554,0.0,0.126984126984127,0.09404761904761906,0.2857142857142857,0.42857142857142855,0.0,0.5059523809523809,0.0,0.0,0.0
86,FALSO,0.0666058394160584,0.7445255474452555,0.0,0.2,0.7641303015981377,0.7834549878345498,0.5383211678832116,0.0,0.0,0.0,0.7177615571776155,0.0,0.9829683698296838,0.6459854014598541,0.27643712497077694,0.20437956204379562,0.48661800486618,0.5223033252230332,0.5766423357664233,0.09732360097323602,0.14416058394160583,0.291970802919708,0.13138686131386862,0.0,0.1551094890510949,0.0,0.0,0.0
158,FALSO,0.01978319783197832,0.0,0.0,0.4,0.6199684155114933,0.3926829268292683,0.28780487804878047,0.0,0.0,0.0,0.28780487804878047,0.19634146341463415,0.32845528455284556,0.3597560975609756,0.35708705841506816,0.2731707317073171,0.2601626016260163,0.2617886178861789,0.0,0.3902439024390244,0.0,0.1951219512195122,0.17560975609756097,0.14878048780487804,0.10365853658536585,0.0,0.0,0.22926829268292684
708,FALSO,0.09261485042735042,0.16346153846153846,0.0,0.0,0.7322219147758716,0.5160256410256411,0.28365384615384615,0.0,0.0,0.0,0.3782051282051282,0.0,0.6474358974358976,0.28365384615384615,0.35019162332329595,0.40384615384615385,0.44871794871794873,0.5160256410256411,0.5697115384615385,0.38461538461538464,0.2848557692307693,0.2884615384615385,0.17307692307692307,0.0,0.2043269230769231,0.0,0.14903846153846154,0.0
162,FALSO,0.023912473794549267,0.0,0.0,0.4,0.6341794488937154,0.6328616352201258,0.41745283018867924,0.0,0.0,0.0,0.371069182389937,0.37971698113207547,0.6352201257861636,0.5566037735849056,0.44403410998455656,0.2641509433962264,0.25157232704402516,0.2531446540880503,0.18632075471698112,0.3144654088050315,0.09316037735849056,0.2830188679245283,0.42452830188679247,0.14386792452830188,0.40094339622641506,0.25471698113207547,0.0,0.22169811320754715
1667,FALSO,0.019404572036150983,0.0,0.0,0.4,0.809966380962216,0.44936204146730463,0.14114832535885166,0.0,0.0,0.0,0.09409888357256777,0.19258373205741627,0.4027113237639554,0.2117224880382775,0.13952221219499739,0.5358851674641149,0.2551834130781499,0.3423710792131845,0.37799043062200954,0.6379585326953748,0.09449760765550239,0.09569377990430622,0.34449760765550236,0.29186602870813394,0.2033492822966507,0.0,0.0,0.0
181,FALSO,0.044730392156862746,1.0,0.0,0.4,0.5818168994216393,0.5919117647058824,0.4338235294117647,0.0,0.0,0.0,0.5784313725490196,0.0,0.7426470588235295,0.6507352941176471,0.35943060498220647,0.4117647058823529,0.19607843137254902,0.0,0.0,0.39215686274509803,0.0,0.0,0.2647058823529412,0.0,0.3125,0.0,0.45588235294117646,0.0
185,FALSO,0.023800208659363588,0.0,0.0,0.6000000000000001,0.5901081951340337,0.5039123630672926,0.27699530516431925,0.0,0.0,0.0,0.2769953051643192,0.18896713615023475,0.4741784037558686,0.48474178403755874,0.44138138439175995,0.0,0.37558685446009393,0.25195618153364635,0.18544600938967137,0.18779342723004697,0.18544600938967137,0.18779342723004694,0.676056338028169,0.2863849765258216,0.5985915492957746,0.0,0.4366197183098592,0.0
194,FALSO,0.06499287749287748,0.0,0.0,0.4,0.2648342864170202,0.172008547008547,0.0,0.0,0.0,0.0,0.0,0.0,0.21581196581196582,0.1891025641025641,0.15822611552148919,0.0,0.0,0.22934472934472935,0.0,0.3418803418803419,0.0,0.0,0.0,0.0,0.0,0.0,0.0,0.0
198,FALSO,0.14574652777777775,0.0,0.0,0.4,0.7899580335731415,0.7546875,0.553125,0.0,0.0,0.7375,0.49166666666666664,0.0,0.7364583333333334,0.6453125,0.49154804270462643,0.525,0.16666666666666669,0.22361111111111112,0.0,0.5,0.246875,0.25,0.1125,0.0,0.1328125,0.0,0.0,0.0
1921,FALSO,0.9999999999999999,0.0,0.0,0.2,0.7062350119904077,0.6432648401826483,0.20205479452054792,0.0,0.0,0.0,0.13470319634703193,0.2756849315068493,0.6917808219178083,0.40410958904109584,0.17735094817920344,0.0,0.547945205479452,0.7351598173515982,0.2705479452054794,0.547945205479452,0.1352739726027397,0.547945205479452,0.3698630136986301,0.0,0.4366438356164383,0.0,0.0,0.0
663,FALSO,0.06612318840579709,0.0,0.0,0.4,0.5708476696903347,0.43749999999999994,0.16032608695652173,0.0,0.0,0.0,0.21376811594202896,0.0,0.548913043478261,0.4809782608695652,0.35246789416679564,0.0,0.43478260869565216,0.5833333333333334,0.0,0.0,0.0,0.43478260869565216,0.19565217391304346,0.33152173913043476,0.0,0.0,0.0,0.0
873,FALSO,0.0533625730994152,0.0,0.0,0.2,0.5637097977120696,0.5135566188197767,0.423444976076555,0.0,0.0,0.0,0.5645933014354066,0.0,0.6443381180223287,0.6351674641148326,0.5563520577568152,0.0,0.06379585326953748,0.17118553960659225,0.0,0.06379585326953748,0.18899521531100477,0.09569377990430622,0.2583732057416268,0.14593301435406697,0.2033492822966507,0.0,0.2966507177033493,0.0
1128,VERDADEIRO,0.023578811369509043,0.0,0.0,0.4,0.4234008142323351,0.1560077519379845,0.17151162790697674,0.0,0.0,0.0,0.22868217054263562,0.0,0.19573643410852715,0.17151162790697674,0.38550028966316313,0.32558139534883723,0.0,0.0,0.0,0.46511627906976744,0.0,0.0,0.0,0.0,0.0,0.0,0.0,0.0
1218,VERDADEIRO,0.11089409722222221,0.0,0.0,0.4,0.2270308752997602,0.0,0.0,0.0,0.0,0.0,0.0,0.0,0.0,0.23046875,0.2193060498220641,0.0,0.20833333333333334,0.0,0.0,0.0,0.30859375,0.0,0.28125,0.0,0.33203125,0.0,0.0,0.734375
1245,VERDADEIRO,0.05244252873563218,0.0,0.0,0.6000000000000001,0.41652195484991317,0.0,0.0,0.0,0.0,0.0,0.0,0.0,0.0,0.5086206896551724,0.4422628543379556,0.48275862068965514,0.22988505747126436,0.0,0.0,0.22988505747126436,0.34051724137931033,0.0,0.3103448275862069,0.0,0.36637931034482757,0.0,0.0,0.0
1247,VERDADEIRO,0.03686868686868686,0.0,0.0,0.4,0.2928275561369087,0.0,0.0,0.0,0.0,0.0,0.0,0.0,0.0,0.2681818181818182,0.47298608864445163,0.0,0.0,0.0,0.7181818181818181,0.24242424242424243,0.0,0.0,0.32727272727272727,0.0,0.38636363636363635,0.0,0.0,0.0
1251,VERDADEIRO,0.023307790549169857,0.0,0.0,0.4,0.613715923812674,0.30842911877394635,0.16954022988505746,0.0,0.0,0.0,0.22605363984674326,0.0,0.3869731800766284,0.3390804597701149,0.25450975579825746,0.6436781609195402,0.15325670498084293,0.0,0.0,0.30651340996168586,0.22701149425287356,0.0,0.20689655172413793,0.0,0.2442528735632184,0.0,0.0,0.0
1253,VERDADEIRO,0.012834036568213783,0.0,0.0,0.2,0.6935919618735392,0.5094936708860759,0.18670886075949367,0.0,0.0,0.0,0.24894514767932485,0.0,0.639240506329114,0.7468354430379747,0.43037974683544306,0.35443037974683544,0.33755274261603374,0.45288326300984527,0.0,0.16877637130801687,0.25,0.25316455696202533,0.45569620253164556,0.0,0.5379746835443038,0.0,0.0,0.0
1254,VERDADEIRO,0.01810515873015873,0.0,0.0,0.2,0.4376498800959233,0.23958333333333331,0.0,0.0,0.0,0.0,0.0,0.0,0.30059523809523814,0.0,0.07346212506354853,1.0,0.23809523809523808,0.3194444444444444,0.0,0.23809523809523808,0.0,0.3571428571428571,0.0,0.0,0.0,0.0,0.0,0.0
1257,VERDADEIRO,0.06992337164750957,0.0,0.0,0.4,0.41652195484991317,0.0,0.0,0.0,0.0,0.0,0.0,0.0,0.0,0.5086206896551724,0.4422628543379556,0.0,0.22988505747126436,0.30842911877394635,0.0,0.0,0.0,0.0,0.3103448275862069,0.0,0.36637931034482757,0.0,0.0,0.8103448275862069
1263,VERDADEIRO,0.05244252873563218,0.0,0.0,0.6000000000000001,0.41652195484991317,0.23132183908045975,0.0,0.0,0.0,0.0,0.0,0.0,0.2902298850574713,0.5086206896551724,0.25450975579825746,0.0,0.0,0.30842911877394635,0.0,0.45977011494252873,0.0,0.3448275862068966,0.3103448275862069,0.5258620689655172,0.0,0.0,0.0,0.0
1264,VERDADEIRO,0.10786052009456264,0.0,0.0,0.4,0.18995867136078373,0.0,0.0,0.0,0.0,0.0,0.0,0.0,0.0,0.6276595744680851,0.34239418490194595,0.0,0.0,0.0,0.0,0.28368794326241137,0.0,0.0,0.7659574468085106,0.648936170212766,0.4521276595744681,0.0,0.0,0.0
1265,VERDADEIRO,0.016353046594982077,0.0,0.0,0.4,0.37835538021195947,0.6491935483870968,0.4758064516129032,0.0,0.0,0.0,0.6344086021505375,0.0,0.8145161290322581,0.7137096774193549,0.23028354953507063,0.0,0.21505376344086022,0.2885304659498208,0.0,0.0,0.0,0.3225806451612903,0.29032258064516125,0.0,0.34274193548387094,0.0,0.0,0.0
1267,VERDADEIRO,0.016353046594982077,0.0,0.0,0.4,0.2400015471493773,0.0,0.0,0.0,0.0,0.0,0.0,0.0,0.0,0.2379032258064516,0.05464355412696591,0.0,0.21505376344086022,0.5770609318996416,0.0,0.21505376344086022,0.0,0.3225806451612903,0.5806451612903225,0.0,0.6854838709677419,0.0,1.0,0.0
1272,VERDADEIRO,0.034564393939393936,0.0,0.0,0.2,0.4097994331807281,0.4573863636363636,0.33522727272727276,0.0,0.0,0.0,0.4469696969696969,0.0,0.5738636363636364,0.5028409090909091,0.25024263992235524,0.0,0.30303030303030304,0.4065656565656566,0.0,0.45454545454545453,0.22443181818181818,0.4545454545454546,0.0,0.0,0.0,0.0,0.0,0.0
1274,VERDADEIRO,0.056327160493827154,0.0,0.0,0.4,0.301492139621636,0.1863425925925926,0.2048611111111111,0.0,0.0,0.0,0.2731481481481481,0.0,0.2337962962962963,0.6145833333333333,0.3327402135231317,0.0,0.18518518518518517,0.24845679012345678,0.0,0.37037037037037035,0.2743055555555555,0.2777777777777778,0.25,0.0,0.2951388888888889,0.0,0.0,0.0
1276,VERDADEIRO,0.08628841607565012,0.0,0.0,0.6000000000000001,0.007449359661207217,0.0,0.0,0.0,0.0,0.0,0.0,0.0,0.0,0.0,0.11069887181040357,0.0,0.0,0.0,0.0,0.851063829787234,0.4202127659574468,0.0,0.3829787234042553,0.0,0.4521276595744681,0.0,0.0,1.0
1278,VERDADEIRO,0.017787524366471734,0.0,0.0,0.4,0.27641045058689895,0.0,0.0,0.0,0.0,0.0,0.0,0.0,0.0,0.0,0.4521445963663608,0.0,0.0,0.0,0.0,0.23391812865497075,0.0,0.0,0.0,0.0,0.0,0.0,0.0,0.0
1279,VERDADEIRO,0.01877572016460905,0.0,0.0,0.2,0.4603428368416378,0.0,0.0,0.0,0.0,0.0,0.0,0.0,0.0,0.0,0.4839857651245552,0.5185185185185185,0.0,0.0,0.0,0.24691358024691357,0.3657407407407407,0.0,1.0,0.5648148148148148,0.787037037037037,1.0,0.0,0.0
1284,VERDADEIRO,0.013518518518518518,0.0,0.0,0.4,0.39680255795363717,0.1788888888888889,0.0,0.0,0.0,0.0,0.0,0.0,0.2244444444444445,0.19666666666666668,0.3145907473309609,0.0,0.0,0.23851851851851855,0.0,0.0,0.0,0.0,0.24000000000000002,0.0,0.2833333333333333,0.0,0.0,0.0
1285,VERDADEIRO,0.030416666666666665,0.0,0.0,0.4,0.16805755395683455,0.0,0.0,0.0,0.0,0.0,0.0,0.0,0.0,0.1475,0.20569395017793596,0.0,0.0,0.1788888888888889,0.0,0.0,0.1975,0.0,0.0,0.0,0.0,0.0,0.0,0.0
1287,VERDADEIRO,0.05510265700483091,0.0,0.0,0.4,0.29113231154207075,0.0,0.0,0.0,0.0,0.0,0.0,0.0,0.0,0.4809782608695652,0.35246789416679564,0.0,0.0,0.19444444444444445,0.0,0.14492753623188406,0.0,0.0,0.0,0.0,0.0,0.0,0.0,0.0
1290,VERDADEIRO,0.030115511551155112,0.0,0.0,0.4,0.2495904266685662,0.0,0.0,0.0,0.0,0.0,0.0,0.0,0.0,0.14603960396039603,0.31027800288925694,0.0,0.0,0.17711771177117713,0.0,0.26402640264026406,0.0,0.0,0.0,0.0,0.0,0.0,0.0,0.0
1294,VERDADEIRO,0.03621031746031746,0.0,0.0,0.4,0.4376498800959233,0.0,0.0,0.0,0.0,0.0,0.0,0.0,0.0,0.17559523809523808,0.5271987798678189,0.3333333333333333,0.15873015873015872,0.0,0.0,0.31746031746031744,0.23511904761904762,0.0,0.0,0.0,0.0,0.0,0.0,0.0
1298,VERDADEIRO,0.027037037037037037,0.0,0.0,0.4,0.39680255795363717,0.0,0.0,0.0,0.0,0.0,0.0,0.0,0.0,0.0,0.3145907473309609,0.37333333333333335,0.17777777777777778,0.23851851851851855,0.0,0.5333333333333333,0.0,0.0,0.0,0.0,0.0,0.0,0.0,0.0
1300,VERDADEIRO,0.009564989517819705,0.0,0.0,0.4,0.39140762861408984,0.0,0.0,0.0,0.0,0.0,0.0,0.0,0.0,0.2783018867924528,0.39266769623312975,0.0,0.25157232704402516,0.16876310272536688,0.0,0.0,0.37264150943396224,0.0,0.0,0.0,0.0,0.0,0.0,0.0
1301,VERDADEIRO,0.014910130718954247,0.0,0.0,0.4,0.9602553251516435,0.5919117647058824,0.4338235294117647,0.0,0.0,0.0,0.5784313725490196,0.0,0.7426470588235295,0.8676470588235294,1.0,0.0,0.19607843137254902,0.2630718954248366,0.0,0.5882352941176471,0.29044117647058826,0.29411764705882354,0.0,0.0,0.0,0.0,0.0,0.0
1308,VERDADEIRO,0.011265432098765432,0.0,0.0,0.4,0.39680255795363717,0.14907407407407408,0.1638888888888889,0.0,0.0,0.0,0.0,0.44722222222222224,0.0,0.49166666666666664,0.3629893238434164,0.0,0.14814814814814817,0.0,0.0,0.14814814814814817,0.6583333333333333,0.0,0.0,0.0,0.0,0.0,0.0,0.0
1310,VERDADEIRO,0.012215528781793841,0.0,0.0,0.4,0.23833463349802095,0.0,0.0,0.0,0.0,0.0,0.0,0.0,0.0,0.0,0.1414054795695237,0.0,0.16064257028112452,0.4310575635876841,0.0,0.6425702811244981,0.0,0.24096385542168675,0.43373493975903615,0.0,0.5120481927710844,0.0,0.0,0.0
1311,VERDADEIRO,0.03850210970464135,0.0,0.0,0.4,0.1506845156785964,0.0,0.0,0.0,0.0,0.0,0.0,0.0,0.0,0.18670886075949367,0.2925356998062976,0.0,0.0,0.0,0.0,0.16877637130801687,0.0,0.0,0.22784810126582278,0.0,0.2689873417721519,0.0,0.0,0.0
1312,VERDADEIRO,0.008972468043264502,0.0,0.0,0.4,0.2804057638844677,0.1187315634218289,0.13053097345132744,0.0,0.0,0.0,0.17404129793510323,0.0,0.1489675516224189,0.0,0.2644789468711618,0.0,0.2359882005899705,0.1583087512291052,0.3495575221238938,0.0,0.5243362831858407,0.17699115044247787,0.1592920353982301,0.0,0.18805309734513273,0.0,0.0,0.415929203539823
1316,VERDADEIRO,0.013701201201201201,0.0,0.0,0.4,0.5204485060600169,0.0,0.0,0.0,0.0,0.0,0.0,0.0,0.0,0.19932432432432434,0.6147927286717323,0.0,0.0,0.24174174174174176,0.0,0.7207207207207208,0.0,0.0,0.0,0.0,0.0,0.0,0.0,0.0
1317,VERDADEIRO,0.01067251461988304,0.0,0.0,0.4,0.8181749337372208,0.4236842105263158,0.15526315789473683,0.0,0.0,0.0,0.0,0.4236842105263158,0.35438596491228075,0.46578947368421053,0.5667728038958607,0.29473684210526313,0.2807017543859649,0.5649122807017544,0.0,0.4210526315789474,0.41578947368421054,0.42105263157894735,0.18947368421052632,0.0,0.2236842105263158,0.0,0.0,0.0
1318,VERDADEIRO,0.012834036568213783,0.0,0.0,0.2,0.1506845156785964,0.0,0.0,0.0,0.0,0.0,0.0,0.0,0.0,0.18670886075949367,0.15469165277715213,0.35443037974683544,0.0,0.0,0.0,0.5063291139240507,0.5,0.0,0.22784810126582278,0.0,0.2689873417721519,0.0,0.0,0.0
1319,VERDADEIRO,0.05555555555555555,0.0,0.0,0.2,0.17745803357314152,0.0,0.0,0.0,0.0,0.0,0.0,0.0,0.0,0.0,0.32652464290937455,0.0,0.182648401826484,0.0,0.0,0.0,0.2705479452054794,0.0,0.2465753424657534,0.0,0.2910958904109589,0.0,0.0,0.0
1323,VERDADEIRO,0.024431057563587683,0.0,0.0,0.2,0.13498598711392332,0.16164658634538154,0.0,0.0,0.0,0.0,0.0,0.0,0.20281124497991973,0.177710843373494,0.1414054795695237,0.0,0.16064257028112452,0.21552878179384205,0.0,0.0,0.0,0.24096385542168675,0.43373493975903615,0.0,0.5120481927710844,0.0,0.0,0.0
1325,VERDADEIRO,0.034961685823754786,0.3908045977011494,0.0,0.4,0.613715923812674,0.30842911877394635,0.0,0.0,0.0,0.0,0.0,0.0,0.3869731800766284,0.3390804597701149,0.3796784881580562,0.3218390804597701,0.45977011494252873,0.20561941251596424,0.4540229885057471,0.6130268199233717,0.22701149425287356,0.22988505747126436,0.20689655172413793,0.3505747126436782,0.0,0.0,0.0,0.0
1326,VERDADEIRO,0.04055555555555555,0.0,0.0,0.4,0.6827338129496404,0.2683333333333333,0.295,0.0,0.0,0.0,0.3933333333333333,0.0,0.3366666666666667,0.59,0.3145907473309609,0.56,0.26666666666666666,0.3577777777777778,0.0,0.5333333333333333,0.0,0.4,0.0,0.0,0.0,0.0,0.0,0.0
1328,VERDADEIRO,0.062393162393162394,0.0,0.0,0.4,0.3528131341080982,0.20641025641025643,0.22692307692307695,0.0,0.0,0.0,0.30256410256410254,0.0,0.258974358974359,0.0,0.21407062688201484,0.0,0.0,0.5504273504273505,0.0,0.20512820512820515,0.3038461538461539,0.3076923076923077,0.5538461538461539,0.46923076923076923,0.3269230769230769,0.0,0.0,0.0
1334,VERDADEIRO,0.017184557438794726,0.0,0.0,0.4,0.4064951428687559,0.0,0.0,0.0,0.0,0.0,0.0,0.0,0.0,0.25,0.4327160866155982,0.0,0.22598870056497175,0.3032015065913371,0.0,0.22598870056497175,0.3347457627118644,0.0,0.3050847457627119,0.5169491525423728,0.0,0.0,0.0,0.0
1338,VERDADEIRO,0.03218694885361552,0.0,0.0,0.4,0.23341326938449244,0.0,0.0,0.0,0.0,0.0,0.0,0.0,0.0,0.0,0.22470767666497204,0.0,0.0,0.2839506172839506,0.0,0.42328042328042326,0.0,0.0,0.0,0.0,0.0,0.0,0.0,0.0
1340,VERDADEIRO,0.04408212560386473,0.0,0.0,0.4,0.32221179578076675,0.0,0.0,0.0,0.0,0.0,0.0,0.0,0.0,0.0,0.19464644901748418,0.0,0.1932367149758454,0.25925925925925924,0.0,0.0,0.0,0.0,0.2608695652173913,0.4420289855072464,0.0,0.0,0.0,0.0
1343,VERDADEIRO,0.02503429355281207,0.0,0.0,0.4,0.5662433016549723,0.16563786008230452,0.18209876543209874,0.0,0.0,0.0,0.24279835390946497,0.0,0.2078189300411523,0.3641975308641975,0.6856465005931198,0.0,0.1646090534979424,0.0,0.0,0.1646090534979424,0.48765432098765427,0.0,0.0,0.0,0.0,0.0,0.0,0.0
1350,VERDADEIRO,0.011521464646464646,0.0,0.0,0.4,0.31232286897754524,0.0,0.0,0.0,0.0,0.0,0.0,0.0,0.0,0.0,0.37398900032351995,0.0,0.15151515151515152,0.2032828282828283,0.0,0.15151515151515152,0.0,0.0,0.20454545454545456,0.0,0.24147727272727273,0.0,0.0,0.5340909090909091
1360,VERDADEIRO,0.06648451730418943,0.0,0.0,0.4,0.5280496913944255,0.0,0.0,0.0,0.0,0.0,0.0,0.0,0.0,0.0,0.5930809170993525,0.0,0.0,0.29326047358834245,0.0,0.21857923497267762,0.0,0.0,0.29508196721311475,0.0,0.3483606557377049,0.0,0.0,0.0
1379,VERDADEIRO,0.05738993710691824,0.0,0.0,0.4,0.7960273290801322,0.2531446540880503,0.2783018867924528,0.0,1.0,0.0,0.0,0.0,0.0,0.5566037735849056,0.7008661787416907,0.5283018867924528,0.5031446540880503,0.0,0.7452830188679245,0.5031446540880503,0.0,0.0,0.0,0.0,0.0,0.0,0.0,0.0
1380,VERDADEIRO,0.031684027777777776,0.0,0.0,0.4,0.09300059952038373,0.0,0.0,0.0,0.0,0.0,0.0,0.0,0.0,0.23046875,0.2193060498220641,0.0,0.20833333333333334,0.0,0.0,0.20833333333333334,0.30859375,0.0,0.0,0.0,0.0,0.0,0.0,0.0
1382,VERDADEIRO,0.012673611111111111,0.0,0.0,0.2,0.46828537170263795,0.0,0.0,0.0,0.0,0.0,0.0,0.0,0.0,0.36875,0.5596085409252669,0.35000000000000003,0.0,0.0,0.0,0.33333333333333337,0.0,0.0,0.45,0.0,0.53125,0.0,0.3875,0.0
1394,VERDADEIRO,0.03802083333333333,0.0,0.0,0.6000000000000001,0.3610611510791367,0.0,0.0,0.0,0.0,0.0,0.0,0.0,0.0,0.184375,0.4234875444839858,0.0,0.0,0.22361111111111112,0.0,0.5,0.0,0.0,0.6749999999999999,0.0,0.796875,0.0,0.0,0.0
1395,VERDADEIRO,0.06035052910052909,0.0,0.0,0.6000000000000001,0.7440047961630696,0.3194444444444444,0.17559523809523808,0.0,0.0,0.0,0.23412698412698407,0.0,0.4007936507936508,0.35119047619047616,0.9161159125571936,0.0,0.31746031746031744,0.21296296296296297,0.0,0.15873015873015872,0.47023809523809523,0.0,0.42857142857142855,0.3630952380952381,0.25297619047619047,0.0,0.0,0.0
1398,VERDADEIRO,0.1502057613168724,0.0,0.0,0.4,0.301492139621636,0.0,0.0,0.0,0.0,0.0,0.0,0.0,0.0,0.27314814814814814,0.28232502965599054,0.5185185185185185,0.0,0.0,0.0,0.24691358024691357,0.0,0.0,0.0,0.0,0.0,0.0,0.0,0.0
1400,VERDADEIRO,0.027402402402402402,0.0,0.0,0.4,0.5204485060600169,0.18130630630630631,0.0,0.0,0.0,0.0,0.0,0.0,0.2274774774774775,0.3986486486486487,0.4676348946811581,0.3783783783783784,0.1801801801801802,0.4834834834834835,0.0,0.0,0.0,0.2702702702702703,0.24324324324324326,0.0,0.28716216216216217,0.0,0.0,0.0
1404,VERDADEIRO,0.04055555555555555,0.0,0.0,0.2,0.5111750599520384,0.1788888888888889,0.0,0.0,0.0,0.0,0.0,0.0,0.2244444444444445,0.19666666666666668,0.604982206405694,0.0,0.0,0.0,0.5266666666666667,0.5333333333333333,0.26333333333333336,0.0,0.24000000000000002,0.0,0.2833333333333333,0.0,0.0,0.0
1405,VERDADEIRO,0.09462962962962963,0.0,0.0,0.2,0.28243005595523585,0.0,0.0,0.0,0.0,0.0,0.0,0.0,0.0,0.0,0.45978647686832746,0.0,0.17777777777777778,0.0,0.5266666666666667,0.17777777777777778,0.0,0.0,0.48000000000000004,0.0,0.5666666666666667,0.0,0.0,0.0
1407,VERDADEIRO,0.010038503850385037,0.0,0.0,0.4,0.33452050240995324,0.13283828382838284,0.0,0.0,0.0,0.0,0.0,0.0,0.16666666666666669,0.14603960396039603,0.202459391846658,0.0,0.13201320132013203,0.35423542354235427,0.0,0.39603960396039606,0.0,0.19801980198019803,0.3564356435643564,0.0,0.4207920792079208,0.0,0.0,0.0
1410,VERDADEIRO,0.08550870147255689,0.0,0.0,0.6000000000000001,0.23833463349802095,0.0,0.0,0.0,0.0,0.0,0.0,0.0,0.0,0.177710843373494,0.2726064399948549,0.0,0.0,0.21552878179384205,0.0,0.4819277108433735,0.0,0.0,0.43373493975903615,0.7349397590361446,0.0,0.0,0.0,0.0
1412,VERDADEIRO,0.012517146776406035,0.0,0.0,0.4,0.2485419072149688,0.16563786008230452,0.18209876543209874,0.0,0.0,0.0,0.24279835390946497,0.0,0.2078189300411523,0.18209876543209874,0.28232502965599054,0.0,0.0,0.22085048010973937,0.0,0.1646090534979424,0.24382716049382713,0.0,0.2222222222222222,0.0,0.2623456790123457,0.0,0.0,0.0
1414,VERDADEIRO,0.020077007700770075,0.0,0.0,0.6000000000000001,0.07973027518579198,0.0,0.0,0.0,0.0,0.0,0.0,0.0,0.0,0.0,0.09464078080405906,0.0,0.0,0.17711771177117713,0.0,0.26402640264026406,0.0,0.0,0.1782178217821782,0.0,0.2103960396039604,0.0,0.0,0.0
1415,VERDADEIRO,0.022283272283272284,0.0,0.0,0.4,0.48478140564471506,0.0,0.0,0.0,0.0,0.0,0.0,0.0,0.0,0.1620879120879121,0.597004419068476,0.0,0.14652014652014653,0.0,0.0,0.14652014652014653,0.6510989010989011,0.0,0.0,0.0,0.0,0.0,0.0,0.0
1417,VERDADEIRO,0.012834036568213783,0.0,0.0,0.4,0.47642898339556206,0.3396624472573839,0.18670886075949367,0.0,0.0,0.0,0.24894514767932485,0.0,0.4261603375527427,0.18670886075949367,0.43037974683544306,0.0,0.33755274261603374,0.45288326300984527,0.5,0.16877637130801687,0.0,0.5063291139240507,0.0,0.0,0.0,0.0,0.0,0.0
1418,VERDADEIRO,0.1267361111111111,0.0,0.0,0.6000000000000001,0.13129496402877702,0.0,0.0,0.0,0.0,0.0,0.0,0.0,0.0,0.26339285714285715,0.2679206914082359,0.0,0.0,0.0,0.0,0.0,0.3526785714285714,0.0,0.0,0.0,0.0,0.0,0.0,0.0
1419,VERDADEIRO,0.029820261437908495,0.0,0.0,0.4,0.4977194714816383,0.1315359477124183,0.1446078431372549,0.0,0.0,0.0,0.19281045751633985,0.0,0.16503267973856212,0.2892156862745098,0.5195729537366548,0.0,0.13071895424836602,0.17538126361655773,0.0,0.26143790849673204,0.19362745098039216,0.0,0.0,0.0,0.0,0.0,0.0,0.0
1421,VERDADEIRO,0.0770042194092827,0.0,0.0,0.6000000000000001,0.259266004917585,0.0,0.0,0.0,0.0,0.0,0.0,0.0,0.0,0.18670886075949367,0.2925356998062976,0.0,0.0,0.22644163150492264,0.0,0.16877637130801687,0.25,0.0,0.0,0.0,0.0,0.0,0.0,0.0
1422,VERDADEIRO,0.04782494758909853,0.0,0.0,0.4,0.39140762861408984,0.12657232704402516,0.0,0.0,0.0,0.0,0.0,0.0,0.1588050314465409,0.41745283018867924,0.39266769623312975,0.0,0.0,0.16876310272536688,0.0,0.12578616352201258,0.0,0.0,0.0,0.0,0.0,0.0,0.0,0.0
1423,VERDADEIRO,0.027037037037037037,0.0,0.0,0.6000000000000001,0.05368505195843329,0.0,0.0,0.0,0.0,0.0,0.0,0.0,0.0,0.0,0.16939501779359434,0.0,0.0,0.0,0.0,0.17777777777777778,0.0,0.0,0.0,0.0,0.0,0.0,0.0,0.0
1430,VERDADEIRO,0.033796296296296297,0.0,0.0,0.4,0.39680255795363717,0.14907407407407408,0.1638888888888889,0.0,0.0,0.0,0.2185185185185185,0.0,0.18703703703703706,0.49166666666666664,0.4839857651245552,0.0,0.0,0.19876543209876543,0.0,0.29629629629629634,0.0,0.0,0.0,0.0,0.0,0.0,0.0,0.0
1433,VERDADEIRO,0.012673611111111111,0.0,0.0,0.2,0.3610611510791367,0.0,0.0,0.0,0.0,0.0,0.0,0.0,0.0,0.36875,0.4234875444839858,0.0,0.0,0.22361111111111112,0.0,0.0,0.0,0.0,0.0,0.0,0.0,0.0,0.0,0.0
1439,VERDADEIRO,0.012998575498575497,0.0,0.0,0.2,0.2648342864170202,0.172008547008547,0.0,0.0,0.0,0.0,0.0,0.0,0.21581196581196582,0.0,0.15822611552148919,0.0,0.17094017094017094,0.22934472934472935,0.0,0.5128205128205129,0.0,0.2564102564102564,0.0,0.0,0.0,0.0,0.0,0.0
1442,VERDADEIRO,0.025668073136427567,0.0,0.0,0.4,0.8021734511125277,0.0,0.0,0.0,0.0,0.0,0.0,0.0,0.0,0.18670886075949367,0.706067840893734,0.7088607594936709,0.16877637130801687,0.0,0.0,0.33755274261603374,0.25,0.0,0.45569620253164556,0.3860759493670886,0.2689873417721519,0.0,0.0,0.5949367088607594
1445,VERDADEIRO,0.022530864197530864,0.0,0.0,0.4,0.301492139621636,0.0,0.0,0.0,0.0,0.0,0.0,0.0,0.0,0.3277777777777778,0.3629893238434164,0.0,0.0,0.19876543209876543,0.0,0.14814814814814817,0.21944444444444444,0.0,0.2,0.3388888888888889,0.0,0.0,0.0,0.0
1460,VERDADEIRO,0.025347222222222222,0.0,0.0,0.4,0.2538369304556356,0.0,0.0,0.0,0.0,0.0,0.0,0.0,0.0,0.0,0.2873665480427047,0.0,0.0,0.22361111111111112,0.0,0.0,0.0,0.0,0.45,0.0,0.53125,0.0,0.0,0.5875
1468,VERDADEIRO,0.051336146272855133,0.0,0.0,0.6000000000000001,0.04210302643960784,0.0,0.0,0.0,0.0,0.0,0.0,0.0,0.0,0.0,0.15469165277715213,0.0,0.0,0.0,0.0,0.16877637130801687,0.0,0.0,0.45569620253164556,0.3860759493670886,0.2689873417721519,0.0,0.0,0.0
1515,VERDADEIRO,0.04408212560386473,0.0,0.0,0.4,0.6951656066451188,0.3888888888888889,0.213768115942029,0.0,0.0,0.0,0.28502415458937197,0.0,0.4879227053140097,0.855072463768116,0.5102893393161071,0.8115942028985508,0.0,0.0,0.0,0.3864734299516908,0.286231884057971,0.0,0.0,0.0,0.0,0.0,0.0,0.0
1517,VERDADEIRO,0.1408179012345679,0.0,0.0,0.4,0.301492139621636,0.0,0.0,0.0,0.0,0.0,0.0,0.0,0.0,0.0,0.1814946619217082,0.38888888888888884,0.0,0.24845679012345678,0.0,0.18518518518518517,0.2743055555555555,0.0,0.5,0.0,0.5902777777777778,0.0,0.0,0.0
1524,VERDADEIRO,0.0133406432748538,0.0,0.0,0.2,0.3892780512432159,0.17653508771929824,0.0,0.0,0.0,0.0,0.0,0.0,0.22149122807017546,0.3881578947368421,0.165574077542611,0.0,0.5263157894736842,0.23538011695906433,0.5197368421052632,0.3508771929824561,0.0,0.2631578947368421,0.23684210526315788,0.0,0.27960526315789475,0.0,0.0,0.0
1525,VERDADEIRO,0.061447811447811446,0.0,0.0,0.4,0.34481505704527293,0.2032828282828283,0.22348484848484848,0.0,0.8030303030303031,0.0,0.0,0.0,0.0,0.22348484848484848,0.5389841475250728,0.0,0.20202020202020204,0.0,0.5984848484848485,0.0,0.0,0.0,0.2727272727272727,0.0,0.32196969696969696,0.0,0.4696969696969697,0.0
1526,VERDADEIRO,0.06336805555555555,0.0,0.0,0.4,0.49509142685851326,0.0,0.0,0.0,0.0,0.0,0.0,0.0,0.0,0.23046875,0.7297597864768683,0.0,0.0,0.0,0.0,0.20833333333333334,0.0,0.0,0.0,0.0,0.0,0.0,0.0,0.0
1538,VERDADEIRO,0.032017543859649125,0.0,0.0,0.2,0.09582228953679164,0.0,0.0,0.0,0.0,0.0,0.0,0.0,0.0,0.15526315789473683,0.10825997377786102,0.0,0.0,0.18830409356725147,0.0,0.0,0.0,0.0,0.37894736842105264,0.0,0.4473684210526316,0.0,0.0,0.0
1539,VERDADEIRO,0.07156862745098039,0.0,0.0,0.2,0.6322753561856398,0.0,0.0,0.0,0.0,0.0,0.0,0.0,0.0,0.0,0.7758007117437723,0.32941176470588235,0.1568627450980392,0.21045751633986928,0.0,0.47058823529411764,0.0,0.0,0.21176470588235294,0.0,0.25,0.6352941176470588,0.0,0.0
1540,VERDADEIRO,0.05964052287581699,0.0,0.0,0.4,0.45567075751163777,0.0,0.0,0.0,0.0,0.0,0.0,0.0,0.0,0.21691176470588236,0.5195729537366548,0.0,0.0,0.2630718954248366,0.0,0.39215686274509803,0.29044117647058826,0.0,0.5294117647058824,0.0,0.625,0.0,0.0,0.0
1549,VERDADEIRO,0.011141636141636142,0.0,0.0,0.4,0.20199225235196464,0.14743589743589744,0.0,0.0,0.0,0.0,0.0,0.0,0.18498168498168502,0.0,0.1183371788353995,0.0,0.14652014652014653,0.3931623931623932,0.0,0.29304029304029305,0.21703296703296704,0.2197802197802198,0.5934065934065934,0.3351648351648352,0.4670329670329671,0.0,0.0,0.5164835164835165
1551,VERDADEIRO,0.042245370370370364,0.0,0.0,0.6000000000000001,0.7780442312816414,0.1863425925925926,0.2048611111111111,0.0,0.0,0.0,0.0,0.5590277777777778,0.0,0.4097222222222222,0.6352313167259787,0.38888888888888884,0.18518518518518517,0.24845679012345678,0.0,0.37037037037037035,0.2743055555555555,0.0,0.25,0.0,0.2951388888888889,0.0,0.0,0.0
1554,VERDADEIRO,0.028968253968253966,0.0,0.0,0.4,0.31510791366906477,0.0,0.0,0.0,0.0,0.0,0.0,0.0,0.0,0.21071428571428572,0.5012709710218607,0.0,0.0,0.0,0.0,0.19047619047619047,0.28214285714285714,0.0,0.2571428571428571,0.4357142857142857,0.0,0.0,0.0,0.0
1557,VERDADEIRO,0.015361952861952861,0.0,0.0,0.4,0.34481505704527293,0.2032828282828283,0.0,0.0,0.0,0.0,0.0,0.0,0.2550505050505051,0.0,0.20899385312196705,0.0,0.20202020202020204,0.5420875420875421,0.0,0.4040404040404041,0.29924242424242425,0.30303030303030304,0.5454545454545454,0.9242424242424243,0.0,0.0,0.0,0.0
1562,VERDADEIRO,0.05555555555555555,0.0,0.0,0.4,1.0,0.7351598173515981,0.40410958904109584,0.0,0.0,0.0,0.26940639269406386,0.5513698630136986,0.6917808219178083,0.6061643835616438,0.47569833763954567,0.0,0.730593607305936,0.9802130898021308,0.0,0.547945205479452,0.5410958904109588,0.547945205479452,0.0,0.0,0.0,0.0,0.0,0.0
1565,VERDADEIRO,0.03218694885361552,0.0,0.0,0.4,0.36957100985877966,0.0,0.0,0.0,0.0,0.0,0.0,0.0,0.0,0.23412698412698413,0.5704117946110828,0.0,0.0,0.0,0.0,0.0,0.0,0.0,0.0,0.0,0.0,0.0,0.0,0.0
1568,VERDADEIRO,0.044730392156862746,0.0,0.0,0.4,0.45567075751163777,0.19730392156862744,0.21691176470588236,0.0,0.0,0.0,0.2892156862745098,0.0,0.24754901960784317,0.4338235294117647,0.6797153024911032,0.0,0.0,0.0,0.0,0.39215686274509803,0.0,0.0,0.5294117647058824,0.4485294117647059,0.3125,0.0,0.0,0.6911764705882353
1575,VERDADEIRO,0.031684027777777776,0.0,0.0,0.4,0.49509142685851326,0.0,0.0,0.0,0.0,0.0,0.0,0.0,0.0,0.69140625,0.7297597864768683,0.0,0.0,0.0,0.0,0.20833333333333334,0.0,0.0,0.28125,0.0,0.33203125,0.0,0.0,0.0
1578,VERDADEIRO,0.09217171717171717,0.0,0.0,0.4,0.47478380931618347,0.2032828282828283,0.22348484848484848,0.0,0.8030303030303031,0.0,0.0,0.0,0.0,0.44696969696969696,0.5389841475250728,0.0,0.0,0.27104377104377103,0.0,0.20202020202020204,0.29924242424242425,0.0,0.2727272727272727,0.0,0.32196969696969696,0.0,0.0,0.7121212121212122
1622,VERDADEIRO,0.042245370370370364,0.0,0.0,0.6000000000000001,0.7780442312816414,0.1863425925925926,0.2048611111111111,0.0,0.0,0.0,0.0,0.5590277777777778,0.0,0.4097222222222222,0.6352313167259787,0.38888888888888884,0.18518518518518517,0.24845679012345678,0.0,0.37037037037037035,0.2743055555555555,0.0,0.25,0.0,0.2951388888888889,0.0,0.0,0.0
1627,VERDADEIRO,0.013888888888888888,0.0,0.0,0.4,0.29496402877697847,0.18378995433789952,0.0,0.0,0.0,0.0,0.0,0.0,0.2305936073059361,0.0,0.32652464290937455,0.0,0.182648401826484,0.2450532724505327,0.0,0.182648401826484,0.0,0.273972602739726,0.2465753424657534,0.4178082191780822,0.0,0.0,0.0,0.0
1634,VERDADEIRO,0.046615581098339715,0.0,0.0,0.4,0.5151189393312936,0.15421455938697318,0.0,0.0,0.0,0.0,0.0,0.0,0.1934865900383142,0.3390804597701149,0.6300159528776537,0.3218390804597701,0.15325670498084293,0.20561941251596424,0.0,0.30651340996168586,0.22701149425287356,0.0,0.20689655172413793,0.0,0.2442528735632184,0.0,0.0,0.0
1636,VERDADEIRO,0.024931693989071038,0.0,0.0,0.4,0.7389825844242639,0.32991803278688525,0.2418032786885246,0.0,0.0,0.0,0.3224043715846994,0.0,0.41393442622950827,0.36270491803278687,0.3253019077066682,0.45901639344262296,0.10928961748633881,0.43989071038251365,0.0,0.3278688524590164,0.0,0.3278688524590164,0.0,0.0,0.0,0.0,0.0,0.0
1638,VERDADEIRO,0.01912997903563941,0.0,0.0,0.4,0.14863580833446452,0.0,0.0,0.0,0.0,0.0,0.0,0.0,0.0,0.0,0.08446921372456857,0.5283018867924528,0.0,0.0,0.0,0.5031446540880503,0.0,0.0,0.0,0.0,0.0,0.0,0.0,0.0
1642,VERDADEIRO,0.028163580246913577,0.0,0.0,0.4,0.42063016253663743,0.1863425925925926,0.2048611111111111,0.0,0.0,0.0,0.2731481481481481,0.0,0.2337962962962963,0.0,0.3327402135231317,0.0,0.18518518518518517,0.49691358024691357,0.0,0.37037037037037035,0.0,0.2777777777777778,0.25,0.0,0.2951388888888889,0.0,0.0,0.0
1643,VERDADEIRO,0.09217171717171717,0.0,0.0,0.6000000000000001,0.381948986265533,0.0,0.0,0.0,0.0,0.0,0.0,0.0,0.0,0.19155844155844157,0.30327679437999727,0.36363636363636365,0.0,0.23232323232323235,0.0,0.34632034632034636,0.0,0.0,0.2337662337662338,0.0,0.275974025974026,0.0,0.0,0.6103896103896105
1693,VERDADEIRO,0.028968253968253966,0.0,0.0,0.4,0.4376498800959233,0.0,0.0,0.0,0.0,0.0,0.0,0.0,0.0,0.42142857142857143,0.6568378240976105,0.0,0.0,0.0,0.0,0.0,0.0,0.0,0.0,0.0,0.0,0.0,0.0,0.0
1694,VERDADEIRO,0.019880174291938998,0.0,0.0,0.4,0.41362204354163734,0.0,0.0,0.0,0.0,0.0,0.0,0.0,0.0,0.0,0.5195729537366548,0.0,0.0,0.17538126361655773,0.0,0.26143790849673204,0.19362745098039216,0.0,0.5294117647058824,0.29901960784313725,0.4166666666666667,0.0,0.0,0.0
1696,VERDADEIRO,0.02048260381593715,0.0,0.0,0.4,0.34481505704527293,0.27104377104377103,0.148989898989899,0.0,0.0,0.0,0.19865319865319864,0.0,0.34006734006734013,0.297979797979798,0.20899385312196705,0.5656565656565657,0.0,0.0,0.0,0.1346801346801347,0.1994949494949495,0.0,0.0,0.0,0.0,0.0,0.0,0.0
1698,VERDADEIRO,0.01469404186795491,0.0,0.0,0.2,0.44652973273555074,0.0,0.0,0.0,0.0,0.0,0.0,0.0,0.0,0.0,0.35246789416679564,0.0,0.1932367149758454,0.5185185185185185,0.572463768115942,0.0,0.286231884057971,0.0,0.2608695652173913,0.0,0.3079710144927536,0.0,0.0,0.0
1704,VERDADEIRO,0.05407407407407407,0.0,0.0,0.4,0.5111750599520384,0.5366666666666666,0.19666666666666668,0.0,0.0,0.0,0.2622222222222222,0.0,0.6733333333333335,0.7866666666666667,0.3145907473309609,0.37333333333333335,0.17777777777777778,0.23851851851851855,0.0,0.17777777777777778,0.0,0.26666666666666666,0.0,0.0,0.0,0.0,0.0,0.0
1719,VERDADEIRO,0.014484126984126983,0.0,0.0,0.4,0.1925659472422063,0.0,0.0,0.0,0.0,0.0,0.0,0.0,0.0,0.42142857142857143,0.3457041179461109,0.0,0.0,0.0,0.0,0.38095238095238093,0.28214285714285714,0.0,0.2571428571428571,0.0,0.30357142857142855,0.0,0.0,0.0
1722,VERDADEIRO,0.07115009746588694,0.0,0.0,0.4,0.1259203163784762,0.0,0.0,0.0,0.0,0.0,0.0,0.0,0.0,0.0,0.2610975838171942,0.0,0.0,0.0,0.0,0.23391812865497075,0.3464912280701754,0.0,0.0,0.0,0.0,0.0,0.0,0.0
1725,VERDADEIRO,0.033242258652094715,0.0,0.0,0.4,0.3874277627078666,0.0,0.0,0.0,0.0,0.0,0.0,0.0,0.0,0.7254098360655737,0.5930809170993525,0.0,0.0,0.0,0.0,0.0,0.0,0.0,0.29508196721311475,0.5,0.0,0.0,0.0,0.0
1726,VERDADEIRO,0.036646586345381524,0.0,0.0,0.4,0.34168327988211844,0.16164658634538154,0.177710843373494,0.0,0.0,0.0,0.2369477911646586,0.0,0.20281124497991973,0.355421686746988,0.5350083608455173,0.0,0.0,0.0,0.0,0.16064257028112452,0.47590361445783136,0.0,0.43373493975903615,0.0,0.5120481927710844,0.0,0.0,0.0
1728,VERDADEIRO,0.022530864197530864,0.0,0.0,0.4,0.301492139621636,0.0,0.0,0.0,0.0,0.0,0.0,0.0,0.0,0.0,0.3629893238434164,0.0,0.14814814814814817,0.19876543209876543,0.0,0.14814814814814817,0.0,0.0,0.4,0.0,0.47222222222222227,0.6,0.0,0.0
1736,VERDADEIRO,0.09358974358974359,0.0,0.0,0.4,0.22084486257148137,0.41282051282051285,0.22692307692307695,0.0,0.0,0.0,0.30256410256410254,0.0,0.517948717948718,0.22692307692307695,0.04653709280043801,0.0,0.0,0.0,0.0,0.20512820512820515,0.0,0.0,0.0,0.0,0.0,0.0,0.0,0.0
1753,VERDADEIRO,0.012998575498575497,0.0,0.0,0.4,0.48478140564471506,0.0,0.0,0.0,0.0,0.0,0.0,0.0,0.0,0.3782051282051282,0.43744867232411716,0.358974358974359,0.0,0.22934472934472935,0.0,0.3418803418803419,0.5064102564102564,0.0,0.4615384615384615,0.391025641025641,0.2724358974358974,0.6923076923076923,0.0,0.0
1758,VERDADEIRO,0.0,0.0,0.0,0.4,0.11736974057117941,0.0,0.0,0.0,0.0,0.0,0.0,0.0,0.0,0.33522727272727276,0.12649627952119058,0.0,0.0,0.2032828282828283,0.0,0.0,0.0,0.0,0.4090909090909091,0.0,0.48295454545454547,0.0,0.0,0.5340909090909091
1759,VERDADEIRO,0.04345238095238095,0.0,0.0,0.4,0.1925659472422063,0.19166666666666665,0.0,0.0,0.0,0.0,0.0,0.0,0.2404761904761905,0.0,0.19013726487036098,0.0,0.19047619047619047,0.25555555555555554,0.0,0.38095238095238093,0.5642857142857143,0.2857142857142857,0.2571428571428571,0.4357142857142857,0.0,0.0,0.0,0.0
1762,VERDADEIRO,0.06759259259259259,0.0,0.0,0.4,0.5397681854516387,0.4472222222222222,0.24583333333333332,0.0,0.8833333333333333,0.0,0.0,0.0,0.2805555555555556,0.7375,0.7864768683274022,0.0,0.22222222222222224,0.29814814814814816,0.0,0.22222222222222224,0.32916666666666666,0.0,0.0,0.0,0.0,0.0,0.0,0.0
1767,VERDADEIRO,0.12029190207156308,0.0,0.0,0.4,0.4064951428687559,0.2274011299435028,0.25,0.0,0.8983050847457628,0.0,0.0,0.0,0.0,0.5,0.4327160866155982,0.0,0.22598870056497175,0.0,0.0,0.22598870056497175,0.0,0.0,0.3050847457627119,0.0,0.3601694915254237,0.0,0.0,0.7966101694915254
1768,VERDADEIRO,0.06759259259259259,0.0,0.0,0.4,0.4921129762856382,0.14907407407407408,0.1638888888888889,0.0,0.0,0.0,0.0,0.44722222222222224,0.0,0.1638888888888889,0.4839857651245552,0.0,0.14814814814814817,0.0,0.0,0.5925925925925927,0.0,0.0,0.0,0.0,0.0,0.0,0.0,0.0
1775,VERDADEIRO,0.05199430199430199,0.0,0.0,0.4,0.2648342864170202,0.0,0.0,0.0,0.0,0.0,0.0,0.0,0.0,0.3782051282051282,0.29783739392280323,0.0,0.0,0.22934472934472935,0.0,0.0,0.2532051282051282,0.0,0.4615384615384615,0.391025641025641,0.2724358974358974,0.0,0.0,0.0
1776,VERDADEIRO,0.022283272283272284,0.0,0.0,0.4,0.48478140564471506,0.4423076923076923,0.1620879120879121,0.0,0.0,0.0,0.2161172161172161,0.0,0.5549450549450551,0.3241758241758242,0.3576707989519378,0.0,0.4395604395604396,0.3931623931623932,0.0,0.29304029304029305,0.0,0.2197802197802198,0.0,0.0,0.0,0.0,0.0,0.0
1779,VERDADEIRO,0.04771241830065359,0.0,0.0,0.4,0.5313584426576387,0.3156862745098039,0.0,0.0,0.0,0.0,0.0,0.0,0.39607843137254906,0.17352941176470588,0.13523131672597866,0.6588235294117647,0.47058823529411764,0.42091503267973857,0.4647058823529412,0.6274509803921569,0.0,0.47058823529411764,0.8470588235294118,0.0,1.0,0.0,0.0,0.5529411764705883
1783,VERDADEIRO,0.051553672316384185,0.0,0.0,0.4,0.5518839165955371,0.2274011299435028,0.25,0.0,0.0,0.0,0.3333333333333333,0.0,0.28531073446327687,0.5,0.4327160866155982,0.0,0.0,0.6064030131826742,0.0,0.0,0.0,0.0,0.0,0.0,0.0,0.0,0.0,0.0
1786,VERDADEIRO,0.023578811369509043,0.0,0.0,0.4,0.12417043109698292,0.0,0.0,0.0,0.0,0.0,0.0,0.0,0.0,0.3430232558139535,0.2588761069270877,0.0,0.0,0.0,0.0,0.31007751937984496,0.22965116279069767,0.0,0.0,0.0,0.0,0.0,0.0,0.0
1793,VERDADEIRO,0.028560250391236306,0.0,0.0,0.4,0.30820414091262205,0.18896713615023475,0.20774647887323944,0.0,0.0,0.0,0.0,0.5669014084507042,0.0,0.20774647887323944,0.33913087063305103,0.0,0.18779342723004697,0.0,0.0,0.18779342723004697,0.0,0.0,0.2535211267605634,0.4295774647887324,0.0,0.0,0.0,0.0
1813,VERDADEIRO,0.0313573883161512,0.0,0.0,0.6000000000000001,0.35553412939751294,0.13831615120274912,0.0,0.0,0.0,0.0,0.0,0.0,0.17353951890034366,0.0,0.21579777671790734,0.0,0.4123711340206186,0.36884306987399773,0.4072164948453608,0.13745704467353953,0.2036082474226804,0.41237113402061853,0.0,0.0,0.0,0.0,0.0,0.0
1814,VERDADEIRO,0.0247289972899729,0.0,0.0,0.4,0.1387670351523659,0.0,0.0,0.0,0.0,0.0,0.0,0.0,0.0,0.3597560975609756,0.277406475132367,0.0,0.0,0.0,0.0,0.3252032520325204,0.0,0.0,0.43902439024390244,0.0,0.5182926829268293,0.0,0.0,0.0
1815,VERDADEIRO,0.05793650793650793,0.0,0.0,0.2,0.1925659472422063,0.0,0.0,0.0,0.0,0.0,0.0,0.0,0.0,0.0,0.3457041179461109,0.0,0.19047619047619047,0.0,0.5642857142857143,0.38095238095238093,0.0,0.0,0.5142857142857142,0.0,0.6071428571428571,0.0,0.0,0.0
1816,VERDADEIRO,0.01843434343434343,0.0,0.0,0.4,0.136865053411816,0.0,0.0,0.0,0.0,0.0,0.0,0.0,0.0,0.0,0.27499191200258816,0.0,0.0,0.0,0.0,0.24242424242424243,0.35909090909090907,0.0,0.32727272727272727,0.0,0.38636363636363635,0.0,0.0,0.0
1817,VERDADEIRO,0.0247289972899729,0.0,0.0,0.6000000000000001,0.4525940223431011,0.0,0.0,0.0,0.0,0.0,0.0,0.0,0.0,0.3597560975609756,0.41020744727020225,0.0,0.1626016260162602,0.4363143631436315,0.0,0.3252032520325204,0.0,0.24390243902439024,0.43902439024390244,0.3719512195121951,0.25914634146341464,0.0,0.0,0.0
1832,VERDADEIRO,0.0533625730994152,0.0,0.0,0.4,0.16354284993058185,0.0,0.0,0.0,0.0,0.0,0.0,0.0,0.0,0.19407894736842105,0.165574077542611,0.0,0.0,0.23538011695906433,0.0,0.0,0.2598684210526316,0.0,0.0,0.0,0.0,0.0,0.0,0.0
1840,VERDADEIRO,0.05793650793650793,0.0,0.0,0.4,0.5601918465227819,0.0,0.0,0.0,0.0,0.0,0.0,0.0,0.0,0.42142857142857143,0.6568378240976105,0.0,0.38095238095238093,0.0,0.0,0.0,0.0,0.0,0.2571428571428571,0.0,0.30357142857142855,0.0,0.0,0.6714285714285714
1848,VERDADEIRO,0.038995726495726496,0.0,0.0,0.4,0.7047285248724098,0.172008547008547,0.1891025641025641,0.0,0.0,0.0,0.2521367521367521,0.0,0.21581196581196582,0.3782051282051282,0.7166712291267452,0.358974358974359,0.3418803418803419,0.22934472934472935,0.0,0.5128205128205129,0.0,0.2564102564102564,0.0,0.0,0.0,0.0,0.0,0.0
1849,VERDADEIRO,0.028560250391236306,0.0,0.0,0.4,0.30820414091262205,0.3779342723004695,0.20774647887323944,0.0,0.0,0.0,0.0,0.5669014084507042,0.2370892018779343,0.20774647887323944,0.18575509999498774,0.0,0.0,0.0,0.0,0.18779342723004697,0.0,0.0,0.0,0.0,0.0,0.0,0.0,0.0
1850,VERDADEIRO,0.0266812865497076,0.0,0.0,0.4,0.3892780512432159,0.17653508771929824,0.0,0.0,0.0,0.0,0.0,0.0,0.22149122807017546,0.19407894736842105,0.30885933695448586,0.3684210526315789,0.17543859649122806,0.23538011695906433,0.0,0.17543859649122806,0.0,0.2631578947368421,0.23684210526315788,0.0,0.27960526315789475,0.0,0.0,0.0
1857,VERDADEIRO,0.044730392156862746,0.0,0.0,0.4,0.3295246156016364,0.19730392156862744,0.0,0.0,0.0,0.0,0.0,0.0,0.24754901960784317,0.0,0.35943060498220647,0.0,0.19607843137254902,0.0,0.0,0.0,0.29044117647058826,0.0,0.2647058823529412,0.0,0.3125,0.0,0.0,0.0
1863,VERDADEIRO,0.0770042194092827,0.0,0.0,0.4,0.3678474941565736,0.16983122362869196,0.0,0.0,0.0,0.0,0.0,0.0,0.21308016877637134,0.18670886075949367,0.2925356998062976,0.0,0.16877637130801687,0.45288326300984527,0.0,0.16877637130801687,0.0,0.25316455696202533,0.0,0.0,0.0,0.0,0.0,0.0
1878,VERDADEIRO,0.022784019975031208,0.0,0.0,0.4,0.4032279794142215,0.0,0.0,0.0,0.0,0.0,0.0,0.0,0.0,0.16573033707865167,0.49078331800551805,0.3146067415730337,0.149812734082397,0.0,0.0,0.299625468164794,0.0,0.0,0.20224719101123595,0.0,0.23876404494382023,0.0,0.0,0.0
1882,VERDADEIRO,0.011521464646464646,0.0,0.0,0.2,0.21484630477436237,0.30492424242424243,0.16761363636363638,0.0,0.0,0.0,0.22348484848484845,0.0,0.3825757575757576,0.16761363636363638,0.0027499191200258816,0.0,0.15151515151515152,0.4065656565656566,0.0,0.30303030303030304,0.22443181818181818,0.2272727272727273,0.20454545454545456,0.0,0.24147727272727273,0.0,0.0,0.0
1883,VERDADEIRO,0.014910130718954247,0.0,0.0,0.2,0.45567075751163777,0.19730392156862744,0.21691176470588236,0.0,0.0,0.0,0.2892156862745098,0.0,0.24754901960784317,0.21691176470588236,0.19928825622775803,0.4117647058823529,0.0,0.2630718954248366,0.0,0.5882352941176471,0.0,0.0,0.5294117647058824,0.4485294117647059,0.3125,0.0,0.0,0.0
1889,VERDADEIRO,0.11477987421383648,0.0,0.0,0.4,0.3104836885208815,0.0,0.0,0.0,0.0,0.0,0.0,0.0,0.0,0.0,0.49540052373598337,0.0,0.0,0.0,0.0,0.25157232704402516,0.37264150943396224,0.0,0.0,0.0,0.0,0.0,0.0,0.0
1890,VERDADEIRO,0.07799145299145299,0.0,0.0,0.4,0.2962553034495481,0.0,0.0,0.0,0.0,0.0,0.0,0.0,0.0,0.0,0.23800398889366864,0.0,0.14652014652014653,0.3931623931623932,0.0,0.29304029304029305,0.0,0.0,0.0,0.0,0.0,0.0,0.0,0.0
1891,VERDADEIRO,0.028163580246913577,0.0,0.0,0.4,0.301492139621636,0.0,0.0,0.0,0.0,0.0,0.0,0.0,0.0,0.2048611111111111,0.4839857651245552,0.0,0.0,0.0,0.548611111111111,0.37037037037037035,0.0,0.0,0.0,0.0,0.0,0.0,0.0,0.0
1896,VERDADEIRO,0.022041062801932364,0.0,0.0,0.4,0.47760921697424674,0.14583333333333331,0.16032608695652173,0.0,0.0,0.0,0.21376811594202896,0.0,0.18297101449275363,0.16032608695652173,0.35246789416679564,0.30434782608695654,0.0,0.19444444444444445,0.0,0.2898550724637681,0.0,0.0,0.0,0.0,0.0,0.0,0.0,0.0
1901,VERDADEIRO,0.016898148148148148,0.0,0.0,0.4,0.39680255795363717,0.2236111111111111,0.0,0.0,0.0,0.0,0.0,0.0,0.2805555555555556,0.0,0.24199288256227763,0.4666666666666667,0.0,0.0,0.0,0.6666666666666667,0.9875,0.3333333333333333,0.0,0.0,0.0,0.0,0.0,0.0
1926,VERDADEIRO,0.0395021645021645,0.0,0.0,0.2,0.49335077392631355,0.0,0.0,0.0,0.0,0.0,0.0,0.0,0.0,0.5746753246753247,0.5861256181540878,0.0,0.0,0.23232323232323235,0.0,0.0,0.0,0.0,0.0,0.0,0.0,0.0,0.0,0.0
1933,VERDADEIRO,0.07040895061728394,0.0,0.0,0.4,0.65890620836664,0.1863425925925926,0.2048611111111111,0.0,0.736111111111111,0.0,0.0,0.0,0.0,0.6145833333333333,0.6352313167259787,0.38888888888888884,0.37037037037037035,0.24845679012345678,0.0,0.37037037037037035,0.0,0.0,0.25,0.4236111111111111,0.0,0.0,0.0,0.0
1935,VERDADEIRO,0.017184557438794726,0.0,0.0,0.4,0.6972726903223185,0.2274011299435028,0.0,0.0,0.0,0.0,0.0,0.0,0.28531073446327687,0.0,0.8018577718800892,0.4745762711864407,0.4519774011299435,0.3032015065913371,0.6694915254237288,0.22598870056497175,0.6694915254237288,0.0,0.0,0.0,0.0,0.0,0.0,0.0
1957,VERDADEIRO,0.0266812865497076,0.0,0.0,0.4,0.3892780512432159,0.5296052631578947,0.3881578947368421,0.0,0.0,0.0,0.2587719298245614,0.5296052631578947,0.4429824561403509,0.3881578947368421,0.30885933695448586,0.0,0.0,0.0,0.0,0.17543859649122806,0.0,0.0,0.0,0.0,0.0,0.0,0.0,0.0
1961,VERDADEIRO,0.017480842911877393,0.0,0.0,0.4,0.26862647812784257,0.23132183908045975,0.2543103448275862,0.0,0.0,0.0,0.3390804597701149,0.0,0.2902298850574713,0.2543103448275862,0.4422628543379556,0.0,0.22988505747126436,0.0,0.0,0.0,0.34051724137931033,0.0,0.0,0.0,0.0,0.0,0.0,0.0
1963,VERDADEIRO,0.025668073136427567,0.0,0.0,0.4,0.5850104726345506,0.0,0.0,0.0,0.0,0.0,0.0,0.0,0.0,0.18670886075949367,0.2925356998062976,0.35443037974683544,0.33755274261603374,0.22644163150492264,1.0,0.16877637130801687,0.0,0.0,0.0,0.0,0.0,0.0,0.0,0.0
1965,VERDADEIRO,0.03850210970464135,0.0,0.0,0.4,0.47642898339556206,0.16983122362869196,0.0,0.0,0.0,0.0,0.0,0.0,0.21308016877637134,0.37341772151898733,0.2925356998062976,0.7088607594936709,0.16877637130801687,0.45288326300984527,0.0,0.6751054852320675,1.0,0.0,0.0,0.0,0.0,0.0,0.0,0.0
1966,VERDADEIRO,0.11265432098765431,0.0,0.0,0.4,0.5057287503330669,0.0,0.0,0.0,0.0,0.0,0.0,0.0,0.0,0.7023809523809523,0.5704117946110828,0.4444444444444444,0.0,0.0,0.0,0.42328042328042326,0.0,0.0,0.0,0.0,0.0,0.0,0.0,0.0
1978,VERDADEIRO,0.019880174291938998,0.0,0.0,0.4,0.4977194714816383,0.0,0.0,0.0,0.0,0.0,0.0,0.0,0.0,0.0,0.5195729537366548,0.5490196078431373,0.0,0.0,0.7745098039215687,0.26143790849673204,0.0,0.0,0.0,0.0,0.0,0.0,0.0,0.0
2005,VERDADEIRO,0.036646586345381524,0.0,0.0,0.4,0.23833463349802095,0.0,0.0,0.0,0.0,0.0,0.0,0.0,0.0,0.177710843373494,0.2726064399948549,0.0,0.0,0.21552878179384205,0.0,0.0,0.0,0.0,0.21686746987951808,0.0,0.2560240963855422,0.0,0.0,0.5662650602409639
2015,VERDADEIRO,0.08176523297491038,0.0,0.0,0.4,0.37835538021195947,0.21639784946236557,0.2379032258064516,0.0,0.8548387096774194,0.0,0.0,0.0,0.0,0.4758064516129032,0.40592354494317534,0.0,0.21505376344086022,0.2885304659498208,0.0,0.21505376344086022,0.6370967741935484,0.0,0.0,0.0,0.0,0.0,0.0,0.0
2022,VERDADEIRO,0.017184557438794726,0.0,0.0,0.6000000000000001,0.5518839165955371,0.0,0.0,0.0,0.0,0.0,0.0,0.0,0.0,0.0,0.24814524398335247,0.4745762711864407,0.22598870056497175,0.3032015065913371,0.0,0.4519774011299435,0.6694915254237288,0.0,0.3050847457627119,0.5169491525423728,0.0,0.0,0.0,0.0
2023,VERDADEIRO,0.013518518518518518,0.0,0.0,0.4,0.28243005595523585,0.0,0.0,0.0,0.0,0.0,0.0,0.0,0.0,0.19666666666666668,0.16939501779359434,0.0,0.35555555555555557,0.0,0.0,0.17777777777777778,0.0,0.0,0.24000000000000002,0.0,0.2833333333333333,0.0,0.4133333333333334,0.0
2033,VERDADEIRO,0.0395021645021645,0.0,0.0,0.0,0.15914541094397214,0.0,0.0,0.0,0.0,0.0,0.0,0.0,0.0,0.0,0.16185238249295192,0.0,0.0,0.23232323232323235,0.0,0.17316017316017318,0.0,0.0,0.0,0.0,0.0,0.0,0.0,0.0
2036,VERDADEIRO,0.061822493224932246,0.0,0.0,0.4,0.6618120138035913,0.6544715447154471,0.5396341463414633,0.0,0.6463414634146342,0.7195121951219512,0.4796747967479674,0.49085365853658536,0.410569105691057,0.5396341463414633,0.6758093915458727,0.0,0.0,0.0,0.0,0.1626016260162602,0.0,0.0,0.0,0.0,0.0,0.0,0.0,0.0
2040,VERDADEIRO,0.011265432098765432,0.0,0.0,0.4,0.11087130295763395,0.14907407407407408,0.0,0.0,0.0,0.0,0.0,0.0,0.18703703703703706,0.0,0.1209964412811388,0.0,0.29629629629629634,0.19876543209876543,0.0,0.0,0.0,0.22222222222222224,0.2,0.0,0.23611111111111113,0.0,0.0,0.0
2043,VERDADEIRO,0.033796296296296297,0.0,0.0,0.6000000000000001,0.39680255795363717,0.0,0.0,0.0,0.0,0.0,0.0,0.0,0.0,0.49166666666666664,0.604982206405694,0.0,0.0,0.0,0.0,0.22222222222222224,0.32916666666666666,0.0,0.3,0.5083333333333333,0.0,0.0,0.0,0.0
2050,VERDADEIRO,0.10488505747126436,0.0,0.0,0.6000000000000001,0.41652195484991317,0.15421455938697318,0.16954022988505746,0.0,0.0,0.0,0.22605363984674326,0.0,0.1934865900383142,0.3390804597701149,0.5048472205178549,0.0,0.15325670498084293,0.0,0.4540229885057471,0.0,0.0,0.0,0.0,0.0,0.0,0.0,0.0,0.0
2074,VERDADEIRO,0.010786052009456265,0.0,0.0,0.4,0.281213327210572,0.1427304964539007,0.15691489361702127,0.0,0.0,0.0,0.20921985815602834,0.0,0.17907801418439717,0.4707446808510638,0.11069887181040357,0.0,0.14184397163120568,0.19030732860520094,0.4202127659574468,0.14184397163120568,0.2101063829787234,0.0,0.0,0.0,0.0,0.0,0.0,0.0
2079,VERDADEIRO,0.042840375586854454,0.0,0.0,0.2,0.5498361873881177,0.0,0.0,0.0,0.0,0.0,0.0,0.0,0.0,0.20774647887323944,0.33913087063305103,0.7887323943661972,0.18779342723004697,0.25195618153364635,0.0,0.18779342723004697,0.0,0.0,0.0,0.0,0.0,0.0,0.0,0.0
2087,VERDADEIRO,0.04314420803782506,0.0,0.0,0.4,0.18995867136078373,0.0,0.0,0.0,0.0,0.0,0.0,0.0,0.0,0.0,0.34239418490194595,0.0,0.0,0.0,0.0,0.5673758865248227,0.0,0.0,0.0,0.0,0.0,0.0,0.0,0.0
2091,VERDADEIRO,0.07115009746588694,0.0,0.0,0.4,0.42690058479532167,0.4707602339181286,0.5175438596491228,0.0,0.9298245614035088,0.0,0.3450292397660818,0.0,0.2953216374269006,0.5175438596491228,0.6431916089155272,0.0,0.0,0.0,0.0,0.23391812865497075,0.3464912280701754,0.0,0.3157894736842105,0.5350877192982456,0.0,0.0,0.0,0.0
2093,VERDADEIRO,0.06759259259259259,0.0,0.0,0.4,0.7780442312816414,0.29814814814814816,0.3277777777777778,0.0,0.0,0.0,0.437037037037037,0.0,0.3740740740740741,0.6555555555555556,0.8469750889679716,0.0,0.29629629629629634,0.39753086419753086,0.0,0.29629629629629634,0.4388888888888889,0.0,0.0,0.0,0.0,0.0,0.0,0.0
2103,VERDADEIRO,0.028968253968253966,0.0,0.0,0.4,0.4376498800959233,0.0,0.0,0.0,0.0,0.0,0.0,0.0,0.0,0.42142857142857143,0.6568378240976105,0.0,0.0,0.0,0.0,0.19047619047619047,0.28214285714285714,0.0,0.2571428571428571,0.4357142857142857,0.0,0.0,0.0,0.0
2107,VERDADEIRO,0.016621129326047358,0.0,0.0,0.4,0.2468058340213076,0.43989071038251365,0.2418032786885246,0.0,0.0,0.0,0.3224043715846994,0.0,0.551912568306011,0.2418032786885246,0.057522898313984036,0.0,0.21857923497267762,0.5865209471766849,0.0,0.0,0.0,0.3278688524590164,0.5901639344262295,1.0,0.0,0.0,0.0,0.0
2114,VERDADEIRO,0.03235815602836879,0.0,0.0,0.4,0.46372263891014853,0.2854609929078014,0.15691489361702127,0.0,0.0,0.6276595744680851,0.20921985815602834,0.4281914893617021,0.17907801418439717,0.15691489361702127,0.4582418414477171,0.0,0.0,0.0,0.0,0.28368794326241137,0.0,0.2127659574468085,0.5744680851063829,0.324468085106383,0.4521276595744681,0.0,0.0,0.5
2132,VERDADEIRO,0.033796296296296297,0.0,0.0,0.4,0.2538369304556356,0.0,0.0,0.0,0.0,0.0,0.0,0.0,0.0,0.49166666666666664,0.4234875444839858,0.0,0.22222222222222224,0.0,0.0,0.22222222222222224,0.32916666666666666,0.0,0.0,0.0,0.0,0.0,0.0,0.0
2159,VERDADEIRO,0.011653895274584929,0.0,0.0,0.4,0.12073100140577195,0.0,0.0,0.0,0.0,0.0,0.0,0.0,0.0,0.0,0.25450975579825746,0.0,0.0,0.0,0.0,0.30651340996168586,0.22701149425287356,0.0,0.20689655172413793,0.0,0.2442528735632184,0.0,0.0,0.0
2160,VERDADEIRO,0.010038503850385037,0.0,0.0,0.4,0.2495904266685662,0.26567656765676567,0.0,0.0,0.0,0.0,0.0,0.0,0.33333333333333337,0.14603960396039603,0.202459391846658,0.0,0.13201320132013203,0.35423542354235427,0.0,0.39603960396039606,0.19554455445544555,0.0,0.0,0.0,0.0,0.0,0.0,0.0
2166,VERDADEIRO,0.09972677595628415,0.0,0.0,0.6000000000000001,0.2468058340213076,0.0,0.0,0.0,0.0,0.0,0.0,0.0,0.0,0.2418032786885246,0.2360422379091069,0.45901639344262296,0.0,0.0,0.0,0.43715846994535523,0.3237704918032787,0.0,0.0,0.0,0.0,0.0,0.0,0.0
2171,VERDADEIRO,0.028968253968253966,0.0,0.0,0.6000000000000001,0.5601918465227819,0.19166666666666665,0.21071428571428572,0.0,0.0,0.0,0.2809523809523809,0.0,0.2404761904761905,0.42142857142857143,0.5012709710218607,0.0,0.38095238095238093,0.0,0.0,0.0,0.5642857142857143,0.0,0.5142857142857142,0.4357142857142857,0.30357142857142855,0.0,0.44285714285714284,0.0
2180,VERDADEIRO,0.03103741496598639,0.0,0.0,0.4,0.0,0.0,0.0,0.0,0.0,0.0,0.0,0.0,0.0,0.15051020408163265,0.10124192025564673,0.0,0.0,0.0,0.0,0.27210884353741494,0.20153061224489793,0.0,0.0,0.0,0.0,0.0,0.0,0.0
2184,VERDADEIRO,0.028968253968253966,0.0,0.0,0.4,0.31510791366906477,0.0,0.0,0.0,0.0,0.0,0.0,0.0,0.0,0.21071428571428572,0.19013726487036098,0.0,0.19047619047619047,0.25555555555555554,0.0,0.38095238095238093,0.28214285714285714,0.0,0.0,0.0,0.0,0.0,0.0,0.0
2197,VERDADEIRO,0.05244252873563218,0.0,0.0,0.4,0.26862647812784257,0.0,0.0,0.0,0.0,0.0,0.0,0.0,0.0,0.2543103448275862,0.4422628543379556,0.0,0.0,0.0,0.0,0.45977011494252873,0.0,0.0,0.0,0.0,0.0,0.0,0.0,0.0
2204,VERDADEIRO,0.10285829307568438,0.0,0.0,0.4,0.32221179578076675,0.0,0.0,0.0,0.0,0.0,0.0,0.0,0.0,0.213768115942029,0.5102893393161071,0.0,0.0,0.0,0.0,0.0,0.0,0.0,0.0,0.0,0.0,0.0,0.0,0.0
2219,VERDADEIRO,0.04055555555555555,0.0,0.0,0.4,0.5111750599520384,0.1788888888888889,0.19666666666666668,0.0,0.0,0.0,0.2622222222222222,0.0,0.2244444444444445,0.19666666666666668,0.604982206405694,0.0,0.17777777777777778,0.0,0.0,0.17777777777777778,0.26333333333333336,0.0,0.48000000000000004,0.4066666666666667,0.2833333333333333,0.0,0.0,0.6266666666666667
2222,VERDADEIRO,0.04771241830065359,0.0,0.0,0.2,0.5313584426576387,0.15784313725490196,0.17352941176470588,0.0,0.0,0.0,0.2313725490196078,0.0,0.19803921568627453,0.34705882352941175,0.5195729537366548,0.0,0.1568627450980392,0.0,0.0,0.0,0.2323529411764706,0.0,0.4235294117647059,0.0,0.5,0.0,0.36470588235294116,0.0
2223,VERDADEIRO,0.025347222222222222,0.0,0.0,0.4,0.8971822541966428,0.6708333333333334,0.7375,0.0,0.0,0.0,0.9833333333333333,0.0,0.8416666666666668,0.36875,0.1512455516014235,0.0,1.0,0.8944444444444445,0.0,1.0,0.0,1.0,0.45,0.0,0.53125,0.0,0.0,0.0
2225,VERDADEIRO,0.023578811369509043,0.0,0.0,0.4,0.4234008142323351,0.0,0.0,0.0,0.0,0.0,0.0,0.0,0.0,0.17151162790697674,0.38550028966316313,0.32558139534883723,0.0,0.20801033591731266,0.0,0.15503875968992248,0.22965116279069767,0.0,0.0,0.0,0.0,0.0,0.0,0.0
2226,VERDADEIRO,0.040021929824561396,0.0,0.0,0.4,0.05067524927426481,0.0,0.0,0.0,0.0,0.0,0.0,0.0,0.0,0.19407894736842105,0.165574077542611,0.0,0.0,0.0,0.0,0.0,0.0,0.0,0.0,0.0,0.0,0.0,0.0,0.0
2231,VERDADEIRO,0.04314420803782506,0.0,0.0,0.4,0.18995867136078373,0.0,0.0,0.0,0.0,0.0,0.0,0.0,0.0,0.0,0.34239418490194595,0.0,0.0,0.0,0.0,0.0,0.0,0.0,0.7659574468085106,0.0,0.9042553191489362,0.0,0.0,0.0
2232,VERDADEIRO,0.02938808373590982,0.0,0.0,0.4,0.32221179578076675,0.0,0.0,0.0,0.0,0.0,0.0,0.0,0.0,0.0,0.35246789416679564,0.0,0.0,0.25925925925925924,0.0,0.1932367149758454,0.0,0.0,0.0,0.0,0.0,0.0,0.0,0.0
2234,VERDADEIRO,0.051553672316384185,0.0,0.0,0.4,0.4064951428687559,0.0,0.0,0.0,0.0,0.0,0.0,0.0,0.0,0.25,0.4327160866155982,0.4745762711864407,0.0,0.0,0.0,0.4519774011299435,0.0,0.0,0.3050847457627119,0.0,0.3601694915254237,0.0,0.5254237288135594,0.0
2238,VERDADEIRO,0.016898148148148148,0.0,0.0,0.4,0.5397681854516387,0.2236111111111111,0.0,0.0,0.0,0.0,0.0,0.0,0.2805555555555556,0.0,0.24199288256227763,0.4666666666666667,0.4444444444444445,0.5962962962962963,0.0,0.888888888888889,0.0,0.3333333333333333,0.0,0.0,0.0,0.0,0.0,0.0
2244,VERDADEIRO,0.016898148148148148,0.0,0.0,0.4,0.5397681854516387,0.4472222222222222,0.0,0.0,0.0,0.0,0.0,0.0,0.5611111111111112,0.24583333333333332,0.24199288256227763,0.0,0.22222222222222224,0.0,0.0,0.0,0.6583333333333333,0.0,0.3,0.0,0.3541666666666667,0.0,0.0,0.0
2247,VERDADEIRO,0.020277777777777777,0.0,0.0,0.4,0.33961630695443645,0.0,0.0,0.0,0.0,0.0,0.0,0.0,0.0,0.0,0.3145907473309609,0.0,0.0,0.3577777777777778,0.0,0.26666666666666666,0.395,0.0,0.0,0.0,0.0,0.0,0.0,0.0
2250,VERDADEIRO,0.033796296296296297,0.0,0.0,0.0,0.39680255795363717,0.2236111111111111,0.24583333333333332,0.0,0.0,0.0,0.3277777777777777,0.0,0.2805555555555556,0.24583333333333332,0.604982206405694,0.0,0.0,0.0,0.0,0.0,0.0,0.0,0.9,0.5083333333333333,0.7083333333333334,0.9,0.0,0.7833333333333333
2257,VERDADEIRO,0.051336146272855133,0.0,0.0,0.4,0.3678474941565736,0.0,0.0,0.0,0.0,0.0,0.0,0.0,0.0,0.0,0.5682237938645885,0.0,0.0,0.0,0.0,0.33755274261603374,0.25,0.0,0.45569620253164556,0.0,0.5379746835443038,0.0,0.0,0.0
2258,VERDADEIRO,0.014910130718954247,0.0,0.0,0.4,0.3295246156016364,0.19730392156862744,0.21691176470588236,0.0,0.0,0.0,0.2892156862745098,0.0,0.24754901960784317,0.4338235294117647,0.35943060498220647,0.0,0.0,0.0,0.0,0.19607843137254902,0.0,0.0,0.0,0.0,0.0,0.0,0.0,0.0
2273,VERDADEIRO,0.016898148148148148,0.0,0.0,0.4,0.39680255795363717,0.4472222222222222,0.24583333333333332,0.0,0.0,0.0,0.3277777777777777,0.0,0.5611111111111112,0.49166666666666664,0.24199288256227763,0.0,0.22222222222222224,0.29814814814814816,0.0,0.22222222222222224,0.0,0.3333333333333333,0.3,0.5083333333333333,0.0,0.0,0.0,0.0
2277,VERDADEIRO,0.07921006944444445,0.0,0.0,0.4,0.49509142685851326,0.0,0.0,0.0,0.0,0.0,0.0,0.0,0.0,0.23046875,0.5596085409252669,0.4375,0.0,0.0,0.0,0.4166666666666667,0.0,0.0,0.28125,0.0,0.33203125,0.0,0.0,0.0
2303,VERDADEIRO,0.032706093189964154,0.0,0.0,0.4,0.37835538021195947,0.1442652329749104,0.15860215053763443,0.0,0.0,0.0,0.2114695340501792,0.0,0.18100358422939072,0.31720430107526887,0.3473768798071405,0.0,0.14336917562724016,0.19235364396654722,0.0,0.0,0.42473118279569894,0.0,0.19354838709677422,0.0,0.228494623655914,0.0,0.33333333333333337,0.0
2306,VERDADEIRO,0.033796296296296297,0.0,0.0,0.4,0.206181721289635,0.29814814814814816,0.1638888888888889,0.0,0.0,0.0,0.2185185185185185,0.0,0.3740740740740741,0.1638888888888889,0.0,0.3111111111111111,0.14814814814814817,0.39753086419753086,0.0,0.29629629629629634,0.0,0.22222222222222224,0.4,0.3388888888888889,0.23611111111111113,0.6,0.0,0.0
312,VERDADEIRO,0.04828042328042328,0.0,0.0,0.2,0.23341326938449244,0.3194444444444444,0.35119047619047616,0.0,0.0,0.0,0.46825396825396814,0.0,0.4007936507936508,0.35119047619047616,0.13828164717844432,0.6666666666666666,0.0,0.0,0.0,0.31746031746031744,0.47023809523809523,0.0,0.0,0.0,0.0,0.0,0.0,0.0
