id,MAIUSCULAS,EXCLAMA,ASPAS,POL_ABSOLUTO,funct,pronoun,ppron,i,we,you,shehe,they,ipron,article,prep,auxverb,adverb,conj,negate,verb,adj,interrog,affect,posemo,negemo,anx,anger,sad
626,0.20454545454545456,0.0,0.0,0.4,0.2211055276381909,0.11458333333333336,0.171875,0.0,0.0,0.0,0.2291666666666667,0.0,0.1375,0.11458333333333336,0.15664556962025314,0.359375,0.2395833333333333,0.0,0.0,0.16249999999999998,0.375,0.0,0.203125,0.0,0.21428571428571427,0.0,0.5,0.0
972,0.21818181818181825,0.0,0.0,0.6000000000000001,0.2763819095477386,0.09166666666666667,0.1375,0.0,0.0,0.0,0.18333333333333332,0.0,0.11,0.18333333333333332,0.3829113924050633,0.0,0.0,0.12777777777777774,0.0,0.39,0.0,0.0,0.1625,0.45,0.0,0.0,0.0,0.0
42,0.16363636363636366,0.0,0.0,0.8,0.2211055276381909,0.18333333333333332,0.1375,0.0,0.0,0.0,0.18333333333333332,0.0,0.22000000000000006,0.18333333333333332,0.11139240506329114,0.28750000000000003,0.19166666666666668,0.12777777777777774,0.0,0.39,0.30000000000000004,0.14375000000000002,0.1625,0.45,0.0,0.0,0.0,0.0
1043,0.060606060606060615,0.0,0.0,0.4,0.2518146286990508,0.10185185185185186,0.15277777777777776,0.0,0.0,0.0,0.20370370370370366,0.0,0.12222222222222225,0.20370370370370366,0.2320675105485232,0.0,0.0,0.1419753086419753,0.0,0.0,0.3333333333333333,0.0,0.18055555555555555,0.5,0.0,0.0,0.0,0.0
831,0.2479338842975207,0.0,0.0,0.4,0.19597989949748745,0.25,0.375,0.0,0.0,0.5681818181818182,0.5,0.26136363636363635,0.2,0.16666666666666669,0.09493670886075947,0.0,0.0,0.11616161616161615,0.0,0.0,0.0,0.0,0.14772727272727273,0.0,0.15584415584415584,0.0,0.0,0.0
261,0.1422924901185771,0.0,0.0,0.4,0.8099191610225037,0.9565217391304348,0.8369565217391305,0.0,0.0,0.0,0.4782608695652174,1.0,0.7652173913043478,0.4782608695652174,0.16648321408915795,0.25,1.0,1.0,0.43478260869565216,0.2260869565217391,0.0,1.0,0.14130434782608695,0.0,0.14906832298136646,0.0,0.0,0.0
928,0.2479338842975207,0.0,0.0,0.4,0.3969849246231156,0.08333333333333334,0.125,0.0,0.0,0.0,0.16666666666666669,0.0,0.0,0.16666666666666669,0.17721518987341767,0.26136363636363635,0.5227272727272727,0.11616161616161615,0.0,0.23636363636363636,0.0,0.0,0.2954545454545455,0.4090909090909091,0.15584415584415584,0.0,0.0,0.0
38,0.17454545454545456,0.0,0.0,0.4,0.21005025125628135,0.07333333333333335,0.0,0.0,0.0,0.0,0.0,0.0,0.08800000000000001,0.1466666666666667,0.3648101265822785,0.0,0.15333333333333335,0.1022222222222222,0.0,0.0,0.24,0.0,0.13,0.0,0.13714285714285715,0.0,0.0,0.0
182,0.1722488038277512,0.0,0.0,0.4,0.2356519439301772,0.0,0.0,0.0,0.0,0.0,0.0,0.0,0.0,0.0,0.3114590273151232,0.3026315789473684,0.0,0.0,0.0,0.2736842105263157,0.0,0.0,0.17105263157894735,0.0,0.18045112781954886,0.0,0.0,0.0
1143,0.3272727272727273,0.0,0.0,0.6000000000000001,0.5711892797319932,0.3666666666666667,0.36666666666666653,0.0,0.0,0.4166666666666667,0.4888888888888889,0.19166666666666665,0.3666666666666667,0.3055555555555556,0.2320675105485232,0.3833333333333333,0.5111111111111111,0.4259259259259259,0.6666666666666666,0.4333333333333333,0.4,0.19166666666666665,0.325,0.6,0.11428571428571427,0.0,0.0,0.3
1013,0.12834224598930485,0.0,0.0,0.2,0.26987880579367424,0.10784313725490197,0.16176470588235295,0.0,0.0,0.0,0.21568627450980396,0.0,0.12941176470588234,0.21568627450980396,0.35629188384214444,0.3382352941176471,0.0,0.0,0.0,0.30588235294117644,0.0,0.0,0.19117647058823528,0.0,0.20168067226890754,0.0,0.0,0.0
310,0.2479338842975207,0.0,0.0,0.4,0.09547738693467336,0.16666666666666669,0.125,0.0,0.0,0.0,0.16666666666666669,0.0,0.2,0.08333333333333334,0.17721518987341767,0.0,0.17424242424242425,0.11616161616161615,0.0,0.11818181818181815,0.2727272727272727,0.0,0.0,0.0,0.0,0.0,0.0,0.0
1046,0.19834710743801656,0.0,0.0,0.4,0.09547738693467336,0.0,0.0,0.0,0.0,0.0,0.0,0.0,0.0,0.16666666666666669,0.17721518987341767,0.0,0.0,0.0,0.0,0.0,0.0,0.0,0.14772727272727273,0.0,0.15584415584415584,0.0,0.0,0.0
722,0.2479338842975207,0.0,0.0,0.4,0.19597989949748745,0.16666666666666669,0.125,0.0,0.0,0.0,0.16666666666666669,0.0,0.2,0.25,0.17721518987341767,0.0,0.0,0.0,0.0,0.0,0.0,0.0,0.0,0.0,0.0,0.0,0.0,0.0
106,0.21818181818181825,0.0,0.0,0.4,0.6964824120603015,0.5133333333333334,0.22,0.0,0.0,0.0,0.2933333333333334,0.0,0.6160000000000001,0.44,0.509620253164557,0.23,0.3066666666666667,0.1022222222222222,0.0,0.208,0.24,0.23,0.13,0.36,0.0,0.0,0.0,0.0
556,0.17454545454545456,0.0,0.0,0.4,0.21005025125628135,0.1466666666666667,0.22,0.0,0.0,0.0,0.2933333333333334,0.0,0.17600000000000002,0.0,0.22000000000000006,0.0,0.0,0.20444444444444446,0.0,0.208,0.24,0.23,0.13,0.0,0.13714285714285715,0.0,0.0,0.0
974,0.3232323232323233,0.0,0.0,0.4,0.3951237669830634,0.3395061728395062,0.2037037037037037,0.0,0.0,0.0,0.2716049382716049,0.0,0.40740740740740733,0.2716049382716049,0.13150492264416316,0.4259259259259259,0.1419753086419753,0.1893004115226337,0.0,0.19259259259259254,0.2222222222222222,0.10648148148148147,0.0,0.0,0.0,0.0,0.0,0.0
74,0.20202020202020204,0.0,0.0,0.6000000000000001,0.8455239158756745,0.5432098765432098,0.10185185185185183,0.0,0.0,0.0,0.0,0.21296296296296294,0.5703703703703704,0.5432098765432098,0.4667135489920299,0.6388888888888888,0.5679012345679012,0.3786008230452674,0.0,0.4814814814814814,0.2222222222222222,0.21296296296296294,0.3611111111111111,0.0,0.3809523809523809,0.0,0.0,0.0
157,0.28152492668621704,0.0,0.0,0.4,0.19435889123034525,0.05913978494623656,0.0,0.0,0.0,0.0,0.0,0.0,0.07096774193548387,0.0,0.16394446712944055,0.18548387096774194,0.24731182795698925,0.08243727598566307,0.3225806451612903,0.16774193548387095,0.0,0.09274193548387097,0.4193548387096774,0.29032258064516125,0.3317972350230414,0.0,0.25806451612903225,0.0
301,0.2727272727272728,0.0,0.0,0.4,0.0829145728643216,0.0763888888888889,0.0,0.0,0.0,0.0,0.0,0.0,0.09166666666666667,0.0763888888888889,0.005801687763713079,0.0,0.0,0.10648148148148147,0.0,0.10833333333333332,0.25,0.0,0.0,0.0,0.0,0.0,0.0,0.0
570,0.1897233201581028,0.0,0.0,0.4,0.1369892942975748,0.15942028985507248,0.11956521739130435,0.0,0.0,0.0,0.15942028985507248,0.0,0.19130434782608696,0.07971014492753624,0.08778205833791965,0.0,0.16666666666666666,0.1111111111111111,0.43478260869565216,0.2260869565217391,0.0,0.125,0.2826086956521739,0.0,0.2981366459627329,0.0,0.0,0.3913043478260869
63,0.17454545454545456,0.0,0.0,0.4,0.4753768844221105,0.2933333333333334,0.33,0.0,0.72,0.0,0.2933333333333334,0.0,0.264,0.22,0.3648101265822785,0.0,0.7666666666666667,0.30666666666666664,0.0,0.10399999999999998,0.48,0.115,0.13,0.36,0.0,0.0,0.0,0.0
1679,0.18181818181818185,0.0,0.0,0.4,0.17504187604690116,0.2291666666666667,0.22916666666666666,0.0,0.0,0.0,0.1527777777777778,0.2395833333333333,0.18333333333333332,0.1527777777777778,0.005801687763713079,0.2395833333333333,0.1597222222222222,0.0,0.0,0.10833333333333332,0.0,0.0,0.0,0.0,0.0,0.0,0.0,0.0
634,0.054545454545454564,0.0,0.0,0.4,0.2211055276381909,0.18333333333333332,0.1375,0.0,0.0,0.0,0.18333333333333332,0.0,0.22000000000000006,0.09166666666666667,0.11139240506329114,0.0,0.19166666666666668,0.25555555555555554,0.0,0.12999999999999998,0.0,0.14375000000000002,0.325,0.0,0.3428571428571429,0.9,0.0,0.0
609,0.16363636363636366,0.0,0.0,1.0,0.2211055276381909,0.09166666666666667,0.0,0.0,0.0,0.0,0.0,0.0,0.11,0.18333333333333332,0.2018987341772152,0.28750000000000003,0.19166666666666668,0.12777777777777774,0.0,0.25999999999999995,0.30000000000000004,0.14375000000000002,0.1625,0.45,0.0,0.0,0.0,0.0
80,0.24242424242424246,0.0,0.0,0.4,0.968360320119114,0.6790123456790124,0.6111111111111109,0.0,0.0,0.4629629629629629,0.5432098765432098,0.4259259259259259,0.6518518518518519,0.6111111111111112,0.6007969995311766,0.6388888888888888,0.5679012345679012,0.5679012345679012,0.0,0.4814814814814814,0.2222222222222222,0.21296296296296294,0.4814814814814815,0.0,0.5079365079365079,0.0,0.0,1.0
94,0.2272727272727273,0.0,0.0,0.4,0.03685092127303182,0.0,0.0,0.0,0.0,0.0,0.0,0.0,0.0,0.0763888888888889,0.08122362869198313,0.0,0.0,0.0,0.0,0.10833333333333332,0.5,0.0,0.13541666666666666,0.0,0.14285714285714285,0.0,0.0,0.0
875,0.30094043887147337,0.0,0.0,0.4,0.21157511696413095,0.18965517241379312,0.1896551724137931,0.0,0.0,0.0,0.25287356321839083,0.0,0.2275862068965517,0.25287356321839083,0.18005237887385414,0.0,0.13218390804597702,0.0,0.0,0.17931034482758618,0.0,0.09913793103448276,0.2241379310344828,0.0,0.2364532019704433,0.0,0.0,0.0
993,0.2077922077922078,0.0,0.0,0.4,0.15530031107920553,0.08730158730158731,0.13095238095238093,0.0,0.0,0.0,0.17460317460317462,0.0,0.10476190476190476,0.08730158730158731,0.18896925858951172,0.0,0.18253968253968253,0.12169312169312167,0.0,0.0,0.0,0.0,0.4642857142857143,0.0,0.4897959183673469,0.0,0.0,0.0
103,0.2371541501976285,0.0,0.0,0.2,0.5215206467118199,0.5579710144927537,0.2391304347826087,0.0,0.0,0.0,0.31884057971014496,0.0,0.5739130434782609,0.15942028985507248,0.16648321408915795,0.25,1.0,0.3333333333333333,0.43478260869565216,0.5652173913043478,0.5217391304347826,0.25,0.2826086956521739,0.3913043478260869,0.14906832298136646,0.0,0.3478260869565217,0.0
83,0.19251336898395727,0.0,0.0,0.4,0.13981673071238546,0.21568627450980396,0.16176470588235295,0.0,0.0,0.0,0.21568627450980396,0.0,0.25882352941176473,0.21568627450980396,0.03685778108711839,0.0,0.0,0.1503267973856209,0.0,0.15294117647058822,0.3529411764705882,0.0,0.19117647058823528,0.5294117647058824,0.0,0.0,0.0,0.0
1104,0.3529411764705883,0.0,0.0,0.4,0.6275495122672184,0.4313725490196079,0.24264705882352944,0.0,0.0,0.0,0.32352941176470595,0.0,0.4529411764705882,0.4852941176470589,0.4627699180938198,0.16911764705882354,0.7892156862745098,0.22549019607843135,0.29411764705882354,0.15294117647058822,0.5294117647058824,0.2536764705882353,0.28676470588235303,0.2647058823529412,0.20168067226890754,0.0,0.0,0.0
2072,0.12121212121212123,0.0,0.0,0.4,0.272287362739624,0.13580246913580246,0.2037037037037037,0.0,0.0,0.0,0.13580246913580246,0.21296296296296294,0.08148148148148149,0.13580246913580246,0.13150492264416316,0.6388888888888888,0.1419753086419753,0.0,0.3703703703703704,0.4814814814814814,0.4444444444444444,0.0,0.12037037037037035,0.0,0.12698412698412698,0.0,0.0,0.0
1210,0.12121212121212123,0.0,0.0,0.4,0.43606923506420986,0.10185185185185186,0.15277777777777776,0.0,0.0,0.0,0.20370370370370366,0.0,0.12222222222222225,0.40740740740740733,0.3326300984528832,0.3194444444444444,0.21296296296296294,0.2839506172839506,0.0,0.5777777777777776,0.0,0.0,0.18055555555555555,0.0,0.19047619047619047,0.0,0.0,0.0
583,0.3116883116883117,0.0,0.0,0.2,0.3000717875089734,0.2619047619047619,0.29464285714285715,0.0,0.0,0.0,0.3928571428571429,0.0,0.2357142857142857,0.2619047619047619,0.25361663652802896,0.20535714285714285,0.0,0.0,0.0,0.18571428571428567,0.0,0.10267857142857142,0.0,0.0,0.0,0.0,0.0,0.0
49,0.1168831168831169,0.0,0.0,0.4,0.14213926776740846,0.0,0.0,0.0,0.0,0.0,0.0,0.0,0.0,0.06547619047619048,0.05967450271247739,0.20535714285714285,0.1369047619047619,0.09126984126984124,0.3571428571428571,0.18571428571428567,0.0,0.0,0.0,0.0,0.0,0.0,0.0,0.0
1180,0.0948616600790514,0.0,0.0,0.4,0.4734542276600393,0.3985507246376812,0.2391304347826087,0.0,0.0,0.0,0.15942028985507248,0.25,0.3826086956521739,0.2391304347826087,0.5599889928453494,0.0,0.3333333333333333,0.2222222222222222,0.0,0.2260869565217391,0.5217391304347826,0.125,0.0,0.0,0.0,0.0,0.0,0.0
131,0.18181818181818185,0.0,0.0,0.4,0.8659966499162478,0.5347222222222223,0.22916666666666666,0.0,0.0,0.0,0.3055555555555556,0.0,0.6416666666666667,0.4583333333333334,0.5337552742616033,0.9583333333333331,0.4791666666666667,0.4259259259259259,0.0,0.4333333333333333,0.75,0.2395833333333333,0.9479166666666669,0.0,1.0,0.0,0.0,0.375
952,0.060606060606060615,0.0,0.0,0.4,0.3746510329424902,0.40740740740740733,0.6111111111111109,0.0,0.0,0.6944444444444444,0.6111111111111112,0.0,0.2444444444444445,0.40740740740740733,0.13150492264416316,0.0,0.0,0.1419753086419753,0.0,0.2888888888888888,0.0,0.0,0.0,0.0,0.0,0.0,0.0,0.0
588,0.2371541501976285,0.0,0.0,0.4,0.9060519991260648,0.5579710144927537,0.5978260869565217,0.0,0.7826086956521738,0.5434782608695652,0.4782608695652174,0.0,0.4782608695652174,0.3985507246376812,0.4025866813428728,1.0,0.5,0.3333333333333333,0.43478260869565216,0.5652173913043478,0.0,0.125,0.14130434782608695,0.0,0.14906832298136646,0.0,0.0,0.0
44,0.3896103896103897,0.0,0.0,0.8,0.2605886575735821,0.19642857142857145,0.29464285714285715,0.0,0.0,0.4464285714285714,0.3928571428571429,0.20535714285714285,0.07857142857142857,0.13095238095238096,0.18896925858951172,0.20535714285714285,0.1369047619047619,0.09126984126984124,0.3571428571428571,0.09285714285714283,0.0,0.0,0.2321428571428571,0.3214285714285714,0.12244897959183673,0.0,0.2857142857142857,0.0
1187,0.3356643356643357,0.0,0.0,0.4,0.19984538074990332,0.07051282051282053,0.10576923076923077,0.0,0.0,0.0,0.14102564102564105,0.0,0.08461538461538462,0.2820512820512821,0.2784810126582279,0.0,0.0,0.0,0.0,0.1,0.2307692307692308,0.0,0.125,0.3461538461538461,0.0,0.0,0.0,0.0
1110,0.2517482517482518,0.0,0.0,0.6000000000000001,0.5400077309625048,0.3525641025641026,0.4230769230769231,0.0,0.0,0.4807692307692308,0.2820512820512821,0.22115384615384615,0.2538461538461539,0.2820512820512821,0.4177215189873417,0.22115384615384615,0.14743589743589744,0.19658119658119655,0.0,0.2,0.0,0.11057692307692307,0.375,0.3461538461538461,0.2637362637362637,0.0,0.0,0.0
1230,0.2909090909090909,0.0,0.0,0.0,0.7922948073701842,0.4277777777777778,0.275,0.0,0.0,0.8333333333333334,0.12222222222222225,0.0,0.3666666666666667,0.3055555555555556,0.5940928270042193,0.3833333333333333,0.5111111111111111,0.5111111111111111,0.0,0.3466666666666666,0.6000000000000001,0.19166666666666665,0.325,0.0,0.3428571428571429,0.0,0.0,0.0
758,0.3519061583577713,0.0,0.0,0.4,0.08737234559896254,0.11827956989247312,0.1774193548387097,0.0,0.0,0.0,0.11827956989247312,0.18548387096774194,0.07096774193548387,0.05913978494623656,0.10555328705594118,0.0,0.0,0.0,0.0,0.0,0.0,0.0,0.2096774193548387,0.5806451612903225,0.0,0.0,0.0,0.0
849,0.21818181818181825,0.0,0.0,0.4,0.2542713567839196,0.1466666666666667,0.22,0.0,0.0,0.5,0.2933333333333334,0.23,0.08800000000000001,0.1466666666666667,0.29240506329113924,0.0,0.0,0.0,0.0,0.0,0.0,0.0,0.13,0.0,0.13714285714285715,0.0,0.0,0.0
2149,0.1422924901185771,0.0,0.0,0.8,0.4253878086082586,0.2391304347826087,0.35869565217391297,0.0,0.0,0.0,0.4782608695652174,0.0,0.19130434782608696,0.4782608695652174,0.4812878370941112,0.25,0.0,0.0,0.0,0.2260869565217391,0.0,0.0,0.0,0.0,0.0,0.0,0.0,0.0
1234,0.09917355371900828,0.0,0.0,0.4,1.0,1.0,1.0,0.0,0.8181818181818182,0.0,1.0,0.26136363636363635,1.0,1.0,1.0,0.0,0.5227272727272727,0.34848484848484845,0.0,0.23636363636363636,0.2727272727272727,0.3920454545454545,0.7386363636363636,0.0,0.7792207792207791,0.0,0.0,0.0
86,0.3272727272727273,0.0,0.0,0.2,0.4974874371859296,0.4888888888888889,0.4583333333333333,0.0,0.0,0.0,0.6111111111111112,0.0,0.5866666666666667,0.3666666666666667,0.2320675105485232,0.19166666666666665,0.6388888888888888,0.34074074074074073,0.6666666666666666,0.08666666666666666,0.2,0.19166666666666665,0.10833333333333334,0.0,0.11428571428571427,0.0,0.0,0.0
158,0.15584415584415587,0.0,0.0,0.4,0.6949030868628858,0.3928571428571429,0.3928571428571429,0.0,0.0,0.0,0.3928571428571429,0.20535714285714285,0.3142857142857143,0.32738095238095244,0.5122061482820977,0.4107142857142857,0.5476190476190476,0.2738095238095238,0.0,0.557142857142857,0.0,0.20535714285714285,0.2321428571428571,0.3214285714285714,0.12244897959183673,0.0,0.0,0.3214285714285714
708,0.4,0.0,0.0,0.0,0.7554438860971523,0.4888888888888889,0.36666666666666653,0.0,0.0,0.0,0.4888888888888889,0.0,0.5866666666666667,0.2444444444444445,0.4734177215189873,0.5750000000000001,0.8944444444444445,0.5111111111111111,1.0,0.5199999999999999,0.6000000000000001,0.28750000000000003,0.21666666666666667,0.0,0.22857142857142854,0.0,0.26666666666666666,0.0
162,0.20202020202020204,0.0,0.0,0.4,0.7636329797133816,0.6790123456790124,0.6111111111111109,0.0,0.0,0.0,0.5432098765432098,0.4259259259259259,0.6518518518518519,0.5432098765432098,0.66783872480075,0.4259259259259259,0.5679012345679012,0.2839506172839506,0.3703703703703704,0.4814814814814814,0.2222222222222222,0.3194444444444444,0.6018518518518519,0.3333333333333333,0.5079365079365079,0.6666666666666666,0.0,0.3333333333333333
1667,0.16783216783216787,0.0,0.0,0.4,0.9652106687282566,0.4935897435897436,0.2115384615384616,0.0,0.0,0.0,0.14102564102564105,0.22115384615384615,0.4230769230769231,0.2115384615384616,0.2784810126582279,0.8846153846153847,0.5897435897435898,0.3931623931623932,0.7692307692307693,1.0,0.2307692307692308,0.11057692307692307,0.5,0.6923076923076923,0.2637362637362637,0.0,0.0,0.0
181,0.1722488038277512,0.0,0.0,0.4,0.2938376090981221,0.2894736842105263,0.2894736842105263,0.0,0.0,0.0,0.3859649122807018,0.0,0.3473684210526316,0.2894736842105263,0.2161892071952032,0.3026315789473684,0.20175438596491227,0.0,0.0,0.2736842105263157,0.0,0.0,0.17105263157894735,0.0,0.18045112781954886,0.0,0.42105263157894735,0.0
185,0.20979020979020985,0.0,0.0,0.6000000000000001,0.7526091998453807,0.5641025641025642,0.4230769230769231,0.0,0.0,0.0,0.4230769230769231,0.22115384615384615,0.5076923076923078,0.4935897435897436,0.6962025316455696,0.0,0.8846153846153847,0.2948717948717949,0.38461538461538464,0.3,0.4615384615384616,0.22115384615384615,1.0,0.6923076923076923,0.7912087912087912,0.0,0.9230769230769232,0.0
194,0.18181818181818185,0.0,0.0,0.4,0.12897822445561138,0.0763888888888889,0.0,0.0,0.0,0.0,0.0,0.0,0.09166666666666667,0.0763888888888889,0.08122362869198313,0.0,0.0,0.10648148148148147,0.0,0.21666666666666665,0.0,0.0,0.0,0.0,0.0,0.0,0.0,0.0
198,0.3490909090909091,0.0,0.0,0.4,0.7407035175879396,0.66,0.6599999999999999,0.0,0.0,1.0,0.5866666666666668,0.0,0.6160000000000001,0.5133333333333334,0.5820253164556961,0.69,0.3066666666666667,0.20444444444444446,0.0,0.6239999999999999,0.48,0.23,0.13,0.0,0.13714285714285715,0.0,0.0,0.0
1921,1.0,0.0,0.0,0.2,0.6356783919597989,0.5347222222222223,0.22916666666666666,0.0,0.0,0.0,0.1527777777777778,0.2395833333333333,0.55,0.3055555555555556,0.2320675105485232,0.0,0.9583333333333334,0.6388888888888888,0.4166666666666666,0.6499999999999999,0.25,0.4791666666666666,0.40625,0.0,0.42857142857142855,0.0,0.0,0.0
663,0.2517482517482518,0.0,0.0,0.4,0.2848859683030537,0.2115384615384616,0.10576923076923077,0.0,0.0,0.0,0.14102564102564105,0.0,0.2538461538461539,0.2115384615384616,0.2088607594936709,0.0,0.4423076923076924,0.2948717948717949,0.0,0.0,0.0,0.22115384615384615,0.125,0.3461538461538461,0.0,0.0,0.0,0.0
873,0.2909090909090909,0.0,0.0,0.2,0.6080402010050251,0.4888888888888889,0.55,0.0,0.0,0.0,0.7333333333333334,0.0,0.5866666666666667,0.55,0.7147679324894514,0.0,0.12777777777777774,0.17037037037037034,0.0,0.08666666666666666,0.4,0.09583333333333333,0.325,0.3,0.22857142857142854,0.0,0.5333333333333333,0.0
1128,0.12121212121212123,0.0,0.0,0.4,0.3132328308207705,0.10185185185185186,0.15277777777777776,0.0,0.0,0.0,0.20370370370370366,0.0,0.12222222222222225,0.10185185185185186,0.3326300984528832,0.3194444444444444,0.0,0.0,0.0,0.4333333333333333,0.0,0.0,0.0,0.0,0.0,0.0,0.0,0.0
1218,0.26181818181818184,0.0,0.0,0.4,0.07738693467336683,0.0,0.0,0.0,0.0,0.0,0.0,0.0,0.0,0.07333333333333335,0.07518987341772153,0.0,0.15333333333333335,0.0,0.0,0.0,0.24,0.0,0.13,0.0,0.13714285714285715,0.0,0.0,0.36
1245,0.1487603305785124,0.0,0.0,0.6000000000000001,0.1457286432160804,0.0,0.0,0.0,0.0,0.0,0.0,0.0,0.0,0.16666666666666669,0.17721518987341767,0.26136363636363635,0.17424242424242425,0.0,0.0,0.11818181818181815,0.2727272727272727,0.0,0.14772727272727273,0.0,0.15584415584415584,0.0,0.0,0.0
1247,0.12121212121212123,0.0,0.0,0.4,0.12897822445561138,0.0,0.0,0.0,0.0,0.0,0.0,0.0,0.0,0.10185185185185186,0.2320675105485232,0.0,0.0,0.0,0.5555555555555556,0.1444444444444444,0.0,0.0,0.18055555555555555,0.0,0.19047619047619047,0.0,0.0,0.0
1251,0.12121212121212123,0.0,0.0,0.4,0.43606923506420986,0.20370370370370366,0.15277777777777776,0.0,0.0,0.0,0.20370370370370366,0.0,0.2444444444444445,0.20370370370370366,0.2320675105485232,0.6388888888888888,0.21296296296296294,0.0,0.0,0.2888888888888888,0.3333333333333333,0.0,0.18055555555555555,0.0,0.19047619047619047,0.0,0.0,0.0
1253,0.047430830039525695,0.0,0.0,0.2,0.3292549705046973,0.2391304347826087,0.11956521739130435,0.0,0.0,0.0,0.15942028985507248,0.0,0.28695652173913044,0.31884057971014496,0.2451843698403963,0.25,0.3333333333333333,0.2222222222222222,0.0,0.11304347826086955,0.2608695652173913,0.125,0.2826086956521739,0.0,0.2981366459627329,0.0,0.0,0.0
1254,0.057416267942583726,0.0,0.0,0.2,0.1774662787622322,0.09649122807017543,0.0,0.0,0.0,0.0,0.0,0.0,0.11578947368421053,0.0,0.025649566955363082,0.6052631578947368,0.20175438596491227,0.13450292397660818,0.0,0.13684210526315788,0.0,0.1513157894736842,0.0,0.0,0.0,0.0,0.0,0.0
1257,0.1422924901185771,0.0,0.0,0.4,0.1369892942975748,0.0,0.0,0.0,0.0,0.0,0.0,0.0,0.0,0.15942028985507248,0.16648321408915795,0.0,0.16666666666666666,0.1111111111111111,0.0,0.0,0.0,0.0,0.14130434782608695,0.0,0.14906832298136646,0.0,0.0,0.3913043478260869
1263,0.1422924901185771,0.0,0.0,0.6000000000000001,0.1369892942975748,0.07971014492753624,0.0,0.0,0.0,0.0,0.0,0.0,0.09565217391304348,0.15942028985507248,0.08778205833791965,0.0,0.0,0.1111111111111111,0.0,0.2260869565217391,0.0,0.125,0.14130434782608695,0.3913043478260869,0.0,0.0,0.0,0.0
1264,0.25974025974025977,0.0,0.0,0.4,0.050011964584828886,0.0,0.0,0.0,0.0,0.0,0.0,0.0,0.0,0.17460317460317462,0.10277275467148883,0.0,0.0,0.0,0.0,0.1238095238095238,0.0,0.0,0.30952380952380953,0.42857142857142855,0.16326530612244894,0.0,0.0,0.0
1265,0.060606060606060615,0.0,0.0,0.4,0.19039642657733108,0.3055555555555556,0.3055555555555555,0.0,0.0,0.0,0.40740740740740733,0.0,0.3666666666666667,0.3055555555555556,0.13150492264416316,0.0,0.21296296296296294,0.1419753086419753,0.0,0.0,0.0,0.1597222222222222,0.18055555555555555,0.0,0.19047619047619047,0.0,0.0,0.0
1267,0.06818181818181819,0.0,0.0,0.4,0.15201005025125627,0.0,0.0,0.0,0.0,0.0,0.0,0.0,0.0,0.11458333333333336,0.0435126582278481,0.0,0.2395833333333333,0.3194444444444444,0.0,0.16249999999999998,0.0,0.1796875,0.40625,0.0,0.42857142857142855,0.0,1.0,0.0
1272,0.08727272727272728,0.0,0.0,0.2,0.21005025125628135,0.22,0.22,0.0,0.0,0.0,0.2933333333333334,0.0,0.264,0.22,0.14759493670886076,0.0,0.3066666666666667,0.20444444444444446,0.0,0.31199999999999994,0.24,0.23,0.0,0.0,0.0,0.0,0.0,0.0
1274,0.19834710743801656,0.0,0.0,0.4,0.1457286432160804,0.08333333333333334,0.125,0.0,0.0,0.0,0.16666666666666669,0.0,0.1,0.25,0.17721518987341767,0.0,0.17424242424242425,0.11616161616161615,0.0,0.23636363636363636,0.2727272727272727,0.13068181818181818,0.14772727272727273,0.0,0.15584415584415584,0.0,0.0,0.0
1276,0.21818181818181825,0.0,0.0,0.6000000000000001,0.0,0.0,0.0,0.0,0.0,0.0,0.0,0.0,0.0,0.0,0.020886075949367092,0.0,0.0,0.0,0.0,0.39,0.30000000000000004,0.0,0.1625,0.0,0.17142857142857146,0.0,0.0,0.45
1278,0.057416267942583726,0.0,0.0,0.4,0.1192806135942872,0.0,0.0,0.0,0.0,0.0,0.0,0.0,0.0,0.0,0.2161892071952032,0.0,0.0,0.0,0.0,0.13684210526315788,0.0,0.0,0.0,0.0,0.0,0.0,0.0,0.0
1279,0.04958677685950414,0.0,0.0,0.2,0.1457286432160804,0.0,0.0,0.0,0.0,0.0,0.0,0.0,0.0,0.0,0.17721518987341767,0.26136363636363635,0.0,0.0,0.0,0.11818181818181815,0.2727272727272727,0.0,0.4431818181818181,0.4090909090909091,0.3116883116883117,0.8181818181818182,0.0,0.0
1284,0.05194805194805195,0.0,0.0,0.4,0.20794448432639387,0.08730158730158731,0.0,0.0,0.0,0.0,0.0,0.0,0.10476190476190476,0.08730158730158731,0.18896925858951172,0.0,0.0,0.12169312169312167,0.0,0.0,0.0,0.0,0.15476190476190474,0.0,0.16326530612244894,0.0,0.0,0.0
1285,0.16363636363636366,0.0,0.0,0.4,0.1658291457286432,0.0,0.0,0.0,0.0,0.0,0.0,0.0,0.0,0.09166666666666667,0.2018987341772152,0.0,0.0,0.12777777777777774,0.0,0.0,0.30000000000000004,0.0,0.0,0.0,0.0,0.0,0.0,0.0
1287,0.2479338842975207,0.0,0.0,0.4,0.19597989949748745,0.0,0.0,0.0,0.0,0.0,0.0,0.0,0.0,0.25,0.25949367088607594,0.0,0.0,0.11616161616161615,0.0,0.11818181818181815,0.0,0.0,0.0,0.0,0.0,0.0,0.0,0.0
1290,0.16363636363636366,0.0,0.0,0.4,0.2211055276381909,0.0,0.0,0.0,0.0,0.0,0.0,0.0,0.0,0.09166666666666667,0.29240506329113924,0.0,0.0,0.12777777777777774,0.0,0.25999999999999995,0.0,0.0,0.0,0.0,0.0,0.0,0.0,0.0
1294,0.0948616600790514,0.0,0.0,0.4,0.2331221324011361,0.0,0.0,0.0,0.0,0.0,0.0,0.0,0.0,0.07971014492753624,0.3238855255916345,0.25,0.16666666666666666,0.0,0.0,0.2260869565217391,0.2608695652173913,0.0,0.0,0.0,0.0,0.0,0.0,0.0
1298,0.09917355371900828,0.0,0.0,0.4,0.19597989949748745,0.0,0.0,0.0,0.0,0.0,0.0,0.0,0.0,0.0,0.17721518987341767,0.26136363636363635,0.17424242424242425,0.11616161616161615,0.0,0.3545454545454545,0.0,0.0,0.0,0.0,0.0,0.0,0.0,0.0
1300,0.057416267942583726,0.0,0.0,0.4,0.3520232742660671,0.0,0.0,0.0,0.0,0.0,0.0,0.0,0.0,0.1929824561403509,0.4067288474350433,0.0,0.4035087719298245,0.13450292397660818,0.0,0.0,0.631578947368421,0.0,0.0,0.0,0.0,0.0,0.0,0.0
1301,0.060606060606060615,0.0,0.0,0.4,0.4974874371859296,0.3055555555555556,0.3055555555555555,0.0,0.0,0.0,0.40740740740740733,0.0,0.3666666666666667,0.40740740740740733,0.6343178621659633,0.0,0.21296296296296294,0.1419753086419753,0.0,0.4333333333333333,0.3333333333333333,0.1597222222222222,0.0,0.0,0.0,0.0,0.0,0.0
1308,0.054545454545454564,0.0,0.0,0.4,0.2763819095477386,0.09166666666666667,0.1375,0.0,0.0,0.0,0.0,0.28750000000000003,0.0,0.275,0.29240506329113924,0.0,0.19166666666666668,0.0,0.0,0.12999999999999998,0.8999999999999999,0.0,0.0,0.0,0.0,0.0,0.0,0.0
1310,0.057416267942583726,0.0,0.0,0.4,0.1774662787622322,0.0,0.0,0.0,0.0,0.0,0.0,0.0,0.0,0.0,0.12091938707528313,0.0,0.20175438596491227,0.2690058479532164,0.0,0.5473684210526315,0.0,0.1513157894736842,0.3421052631578947,0.0,0.3609022556390977,0.0,0.0,0.0
1311,0.15584415584415587,0.0,0.0,0.4,0.1026561378320172,0.0,0.0,0.0,0.0,0.0,0.0,0.0,0.0,0.08730158730158731,0.18896925858951172,0.0,0.0,0.0,0.0,0.1238095238095238,0.0,0.0,0.15476190476190474,0.0,0.16326530612244894,0.0,0.0,0.0
1312,0.060606060606060615,0.0,0.0,0.4,0.3132328308207705,0.10185185185185186,0.15277777777777776,0.0,0.0,0.0,0.20370370370370366,0.0,0.12222222222222225,0.0,0.3326300984528832,0.0,0.4259259259259259,0.1419753086419753,0.5555555555555556,0.0,1.0,0.1597222222222222,0.18055555555555555,0.0,0.19047619047619047,0.0,0.0,0.5
1316,0.05194805194805195,0.0,0.0,0.4,0.2605886575735821,0.0,0.0,0.0,0.0,0.0,0.0,0.0,0.0,0.08730158730158731,0.3613622664255575,0.0,0.0,0.12169312169312167,0.0,0.4952380952380952,0.0,0.0,0.0,0.0,0.0,0.0,0.0,0.0
1317,0.060606060606060615,0.0,0.0,0.4,0.620323841429369,0.3055555555555556,0.15277777777777776,0.0,0.0,0.0,0.0,0.3194444444444444,0.2444444444444445,0.3055555555555556,0.5337552742616033,0.3194444444444444,0.4259259259259259,0.4259259259259259,0.0,0.4333333333333333,0.6666666666666666,0.3194444444444444,0.18055555555555555,0.0,0.19047619047619047,0.0,0.0,0.0
1318,0.060606060606060615,0.0,0.0,0.2,0.12897822445561138,0.0,0.0,0.0,0.0,0.0,0.0,0.0,0.0,0.10185185185185186,0.13150492264416316,0.3194444444444444,0.0,0.0,0.0,0.4333333333333333,0.6666666666666666,0.0,0.18055555555555555,0.0,0.19047619047619047,0.0,0.0,0.0
1319,0.16363636363636366,0.0,0.0,0.2,0.11055276381909546,0.0,0.0,0.0,0.0,0.0,0.0,0.0,0.0,0.0,0.2018987341772152,0.0,0.19166666666666668,0.0,0.0,0.0,0.30000000000000004,0.0,0.1625,0.0,0.17142857142857146,0.0,0.0,0.0
1323,0.1038961038961039,0.0,0.0,0.2,0.1026561378320172,0.08730158730158731,0.0,0.0,0.0,0.0,0.0,0.0,0.10476190476190476,0.08730158730158731,0.10277275467148883,0.0,0.18253968253968253,0.12169312169312167,0.0,0.0,0.0,0.1369047619047619,0.30952380952380953,0.0,0.32653061224489793,0.0,0.0,0.0
1325,0.16363636363636366,0.0,0.0,0.4,0.3869346733668341,0.18333333333333332,0.0,0.0,0.0,0.0,0.0,0.0,0.22000000000000006,0.18333333333333332,0.29240506329113924,0.28750000000000003,0.575,0.12777777777777774,0.5,0.5199999999999999,0.30000000000000004,0.14375000000000002,0.1625,0.45,0.0,0.0,0.0,0.0
1326,0.1038961038961039,0.0,0.0,0.4,0.20794448432639387,0.08730158730158731,0.13095238095238093,0.0,0.0,0.0,0.17460317460317462,0.0,0.10476190476190476,0.17460317460317462,0.10277275467148883,0.2738095238095238,0.18253968253968253,0.12169312169312167,0.0,0.2476190476190476,0.0,0.1369047619047619,0.0,0.0,0.0,0.0,0.0,0.0
1328,0.2296650717703349,0.0,0.0,0.4,0.1774662787622322,0.09649122807017543,0.14473684210526316,0.0,0.0,0.0,0.1929824561403509,0.0,0.11578947368421053,0.0,0.12091938707528313,0.0,0.0,0.2690058479532164,0.0,0.13684210526315788,0.3157894736842105,0.1513157894736842,0.3421052631578947,0.4736842105263158,0.18045112781954886,0.0,0.0,0.0
1334,0.06818181818181819,0.0,0.0,0.4,0.2211055276381909,0.0,0.0,0.0,0.0,0.0,0.0,0.0,0.0,0.11458333333333336,0.2697784810126582,0.0,0.2395833333333333,0.1597222222222222,0.0,0.16249999999999998,0.375,0.0,0.203125,0.5625,0.0,0.0,0.0,0.0
1338,0.1038961038961039,0.0,0.0,0.4,0.1026561378320172,0.0,0.0,0.0,0.0,0.0,0.0,0.0,0.0,0.0,0.10277275467148883,0.0,0.0,0.12169312169312167,0.0,0.2476190476190476,0.0,0.0,0.0,0.0,0.0,0.0,0.0,0.0
1340,0.1487603305785124,0.0,0.0,0.4,0.1457286432160804,0.0,0.0,0.0,0.0,0.0,0.0,0.0,0.0,0.0,0.09493670886075947,0.0,0.17424242424242425,0.11616161616161615,0.0,0.0,0.0,0.0,0.14772727272727273,0.4090909090909091,0.0,0.0,0.0,0.0
1343,0.1038961038961039,0.0,0.0,0.4,0.3132328308207705,0.08730158730158731,0.13095238095238093,0.0,0.0,0.0,0.17460317460317462,0.0,0.10476190476190476,0.17460317460317462,0.4475587703435805,0.0,0.18253968253968253,0.0,0.0,0.1238095238095238,0.5714285714285714,0.0,0.0,0.0,0.0,0.0,0.0,0.0
1350,0.06818181818181819,0.0,0.0,0.4,0.2902010050251256,0.0,0.0,0.0,0.0,0.0,0.0,0.0,0.0,0.0,0.3829113924050633,0.0,0.2395833333333333,0.1597222222222222,0.0,0.16249999999999998,0.0,0.0,0.203125,0.0,0.21428571428571427,0.0,0.0,0.5625
1360,0.21818181818181825,0.0,0.0,0.4,0.2211055276381909,0.0,0.0,0.0,0.0,0.0,0.0,0.0,0.0,0.0,0.29240506329113924,0.0,0.0,0.12777777777777774,0.0,0.12999999999999998,0.0,0.0,0.1625,0.0,0.17142857142857146,0.0,0.0,0.0
1379,0.12121212121212123,0.0,0.0,0.4,0.3132328308207705,0.10185185185185186,0.15277777777777776,0.0,1.0,0.0,0.0,0.0,0.0,0.20370370370370366,0.3326300984528832,0.3194444444444444,0.4259259259259259,0.0,0.5555555555555556,0.2888888888888888,0.0,0.0,0.0,0.0,0.0,0.0,0.0,0.0
1380,0.12834224598930485,0.0,0.0,0.4,0.07478569317174105,0.0,0.0,0.0,0.0,0.0,0.0,0.0,0.0,0.10784313725490197,0.14333581533879375,0.0,0.22549019607843135,0.0,0.0,0.15294117647058822,0.3529411764705882,0.0,0.0,0.0,0.0,0.0,0.0,0.0
1382,0.060606060606060615,0.0,0.0,0.2,0.3132328308207705,0.0,0.0,0.0,0.0,0.0,0.0,0.0,0.0,0.20370370370370366,0.43319268635724334,0.3194444444444444,0.0,0.0,0.0,0.2888888888888888,0.0,0.0,0.3611111111111111,0.0,0.3809523809523809,0.0,0.4444444444444444,0.0
1394,0.15584415584415587,0.0,0.0,0.6000000000000001,0.20794448432639387,0.0,0.0,0.0,0.0,0.0,0.0,0.0,0.0,0.08730158730158731,0.27516576250753466,0.0,0.0,0.12169312169312167,0.0,0.3714285714285713,0.0,0.0,0.4642857142857143,0.0,0.4897959183673469,0.0,0.0,0.0
1395,0.2727272727272728,0.0,0.0,0.6000000000000001,0.4422110552763819,0.18333333333333332,0.1375,0.0,0.0,0.0,0.18333333333333332,0.0,0.22000000000000006,0.18333333333333332,0.6544303797468354,0.0,0.38333333333333336,0.12777777777777774,0.0,0.12999999999999998,0.6000000000000001,0.0,0.325,0.45,0.17142857142857146,0.0,0.0,0.0
1398,0.3320158102766799,0.0,0.0,0.4,0.08892287524579418,0.0,0.0,0.0,0.0,0.0,0.0,0.0,0.0,0.07971014492753624,0.08778205833791965,0.25,0.0,0.0,0.0,0.11304347826086955,0.0,0.0,0.0,0.0,0.0,0.0,0.0,0.0
1400,0.09917355371900828,0.0,0.0,0.4,0.2462311557788945,0.08333333333333334,0.0,0.0,0.0,0.0,0.0,0.0,0.1,0.16666666666666669,0.25949367088607594,0.26136363636363635,0.17424242424242425,0.2323232323232323,0.0,0.0,0.0,0.13068181818181818,0.14772727272727273,0.0,0.15584415584415584,0.0,0.0,0.0
1404,0.1722488038277512,0.0,0.0,0.2,0.2938376090981221,0.09649122807017543,0.0,0.0,0.0,0.0,0.0,0.0,0.11578947368421053,0.09649122807017543,0.4067288474350433,0.0,0.0,0.0,0.5263157894736842,0.4105263157894736,0.3157894736842105,0.0,0.17105263157894735,0.0,0.18045112781954886,0.0,0.0,0.0
1405,0.30545454545454553,0.0,0.0,0.2,0.12160804020100502,0.0,0.0,0.0,0.0,0.0,0.0,0.0,0.0,0.0,0.22000000000000006,0.0,0.15333333333333335,0.0,0.4,0.10399999999999998,0.0,0.0,0.26,0.0,0.2742857142857143,0.0,0.0,0.0
1407,0.04958677685950414,0.0,0.0,0.4,0.2462311557788945,0.08333333333333334,0.0,0.0,0.0,0.0,0.0,0.0,0.1,0.08333333333333334,0.17721518987341767,0.0,0.17424242424242425,0.2323232323232323,0.0,0.3545454545454545,0.0,0.13068181818181818,0.2954545454545455,0.0,0.3116883116883117,0.0,0.0,0.0
1410,0.31818181818181823,0.0,0.0,0.6000000000000001,0.12897822445561138,0.0,0.0,0.0,0.0,0.0,0.0,0.0,0.0,0.0763888888888889,0.15664556962025314,0.0,0.0,0.10648148148148147,0.0,0.325,0.0,0.0,0.2708333333333333,0.75,0.0,0.0,0.0,0.0
1412,0.047430830039525695,0.0,0.0,0.4,0.1369892942975748,0.07971014492753624,0.11956521739130435,0.0,0.0,0.0,0.15942028985507248,0.0,0.09565217391304348,0.07971014492753624,0.16648321408915795,0.0,0.0,0.1111111111111111,0.0,0.11304347826086955,0.2608695652173913,0.0,0.14130434782608695,0.0,0.14906832298136646,0.0,0.0,0.0
1414,0.10909090909090913,0.0,0.0,0.6000000000000001,0.11055276381909546,0.0,0.0,0.0,0.0,0.0,0.0,0.0,0.0,0.0,0.11139240506329114,0.0,0.0,0.12777777777777774,0.0,0.25999999999999995,0.0,0.0,0.1625,0.0,0.17142857142857146,0.0,0.0,0.0
1415,0.1038961038961039,0.0,0.0,0.4,0.3132328308207705,0.0,0.0,0.0,0.0,0.0,0.0,0.0,0.0,0.08730158730158731,0.4475587703435805,0.0,0.18253968253968253,0.0,0.0,0.1238095238095238,0.8571428571428571,0.0,0.0,0.0,0.0,0.0,0.0,0.0
1417,0.05194805194805195,0.0,0.0,0.4,0.2605886575735821,0.17460317460317462,0.13095238095238093,0.0,0.0,0.0,0.17460317460317462,0.0,0.20952380952380956,0.08730158730158731,0.27516576250753466,0.0,0.36507936507936506,0.2433862433862433,0.4761904761904762,0.1238095238095238,0.0,0.2738095238095238,0.0,0.0,0.0,0.0,0.0,0.0
1418,0.3030303030303031,0.0,0.0,0.6000000000000001,0.06756002233389166,0.0,0.0,0.0,0.0,0.0,0.0,0.0,0.0,0.10185185185185186,0.13150492264416316,0.0,0.0,0.0,0.0,0.0,0.3333333333333333,0.0,0.0,0.0,0.0,0.0,0.0,0.0
1419,0.16363636363636366,0.0,0.0,0.4,0.3869346733668341,0.09166666666666667,0.1375,0.0,0.0,0.0,0.18333333333333332,0.0,0.11,0.18333333333333332,0.4734177215189873,0.0,0.19166666666666668,0.12777777777777774,0.0,0.25999999999999995,0.30000000000000004,0.0,0.0,0.0,0.0,0.0,0.0,0.0
1421,0.2479338842975207,0.0,0.0,0.6000000000000001,0.1457286432160804,0.0,0.0,0.0,0.0,0.0,0.0,0.0,0.0,0.08333333333333334,0.17721518987341767,0.0,0.0,0.11616161616161615,0.0,0.11818181818181815,0.2727272727272727,0.0,0.0,0.0,0.0,0.0,0.0,0.0
1422,0.1422924901185771,0.0,0.0,0.4,0.2811885514529167,0.07971014492753624,0.0,0.0,0.0,0.0,0.0,0.0,0.09565217391304348,0.2391304347826087,0.3238855255916345,0.0,0.0,0.1111111111111111,0.0,0.11304347826086955,0.0,0.0,0.0,0.0,0.0,0.0,0.0,0.0
1423,0.12834224598930485,0.0,0.0,0.6000000000000001,0.07478569317174105,0.0,0.0,0.0,0.0,0.0,0.0,0.0,0.0,0.0,0.14333581533879375,0.0,0.0,0.0,0.0,0.15294117647058822,0.0,0.0,0.0,0.0,0.0,0.0,0.0,0.0
1430,0.1422924901185771,0.0,0.0,0.4,0.2331221324011361,0.07971014492753624,0.11956521739130435,0.0,0.0,0.0,0.15942028985507248,0.0,0.09565217391304348,0.2391304347826087,0.3238855255916345,0.0,0.0,0.1111111111111111,0.0,0.2260869565217391,0.0,0.0,0.0,0.0,0.0,0.0,0.0,0.0
1433,0.060606060606060615,0.0,0.0,0.2,0.2518146286990508,0.0,0.0,0.0,0.0,0.0,0.0,0.0,0.0,0.20370370370370366,0.3326300984528832,0.0,0.0,0.1419753086419753,0.0,0.0,0.0,0.0,0.0,0.0,0.0,0.0,0.0,0.0
1439,0.06818181818181819,0.0,0.0,0.2,0.2211055276381909,0.11458333333333336,0.0,0.0,0.0,0.0,0.0,0.0,0.1375,0.0,0.15664556962025314,0.0,0.2395833333333333,0.1597222222222222,0.0,0.4874999999999999,0.0,0.1796875,0.0,0.0,0.0,0.0,0.0,0.0
1442,0.12121212121212123,0.0,0.0,0.4,0.4974874371859296,0.0,0.0,0.0,0.0,0.0,0.0,0.0,0.0,0.10185185185185186,0.5337552742616033,0.6388888888888888,0.21296296296296294,0.0,0.0,0.2888888888888888,0.3333333333333333,0.0,0.3611111111111111,0.5,0.19047619047619047,0.0,0.0,0.5
1445,0.1038961038961039,0.0,0.0,0.4,0.20794448432639387,0.0,0.0,0.0,0.0,0.0,0.0,0.0,0.0,0.17460317460317462,0.27516576250753466,0.0,0.0,0.12169312169312167,0.0,0.1238095238095238,0.2857142857142857,0.0,0.15476190476190474,0.42857142857142855,0.0,0.0,0.0,0.0
1460,0.09917355371900828,0.0,0.0,0.4,0.1457286432160804,0.0,0.0,0.0,0.0,0.0,0.0,0.0,0.0,0.0,0.17721518987341767,0.0,0.0,0.11616161616161615,0.0,0.0,0.0,0.0,0.2954545454545455,0.0,0.3116883116883117,0.0,0.0,0.4090909090909091
1468,0.21818181818181825,0.0,0.0,0.6000000000000001,0.055276381909547735,0.0,0.0,0.0,0.0,0.0,0.0,0.0,0.0,0.0,0.11139240506329114,0.0,0.0,0.0,0.0,0.12999999999999998,0.0,0.0,0.325,0.45,0.17142857142857146,0.0,0.0,0.0
1515,0.1722488038277512,0.0,0.0,0.4,0.3520232742660671,0.1929824561403509,0.14473684210526316,0.0,0.0,0.0,0.1929824561403509,0.0,0.23157894736842105,0.3859649122807018,0.3114590273151232,0.6052631578947368,0.0,0.0,0.0,0.2736842105263157,0.3157894736842105,0.0,0.0,0.0,0.0,0.0,0.0,0.0
1517,0.3776223776223777,0.0,0.0,0.4,0.114804793196753,0.0,0.0,0.0,0.0,0.0,0.0,0.0,0.0,0.0,0.06962025316455696,0.22115384615384615,0.0,0.09829059829059827,0.0,0.1,0.2307692307692308,0.0,0.25,0.0,0.2637362637362637,0.0,0.0,0.0
1524,0.054545454545454564,0.0,0.0,0.2,0.2211055276381909,0.09166666666666667,0.0,0.0,0.0,0.0,0.0,0.0,0.11,0.18333333333333332,0.11139240506329114,0.0,0.575,0.12777777777777774,0.5,0.25999999999999995,0.0,0.14375000000000002,0.1625,0.0,0.17142857142857146,0.0,0.0,0.0
1525,0.19834710743801656,0.0,0.0,0.4,0.1457286432160804,0.08333333333333334,0.125,0.0,0.8181818181818182,0.0,0.0,0.0,0.0,0.08333333333333334,0.25949367088607594,0.0,0.17424242424242425,0.0,0.4545454545454546,0.0,0.0,0.0,0.14772727272727273,0.0,0.15584415584415584,0.0,0.3636363636363637,0.0
1526,0.1897233201581028,0.0,0.0,0.4,0.18505571334935544,0.0,0.0,0.0,0.0,0.0,0.0,0.0,0.0,0.07971014492753624,0.3238855255916345,0.0,0.0,0.0,0.0,0.11304347826086955,0.0,0.0,0.0,0.0,0.0,0.0,0.0,0.0
1538,0.12121212121212123,0.0,0.0,0.2,0.12897822445561138,0.0,0.0,0.0,0.0,0.0,0.0,0.0,0.0,0.10185185185185186,0.13150492264416316,0.0,0.0,0.1419753086419753,0.0,0.0,0.0,0.0,0.3611111111111111,0.0,0.3809523809523809,0.0,0.0,0.0
1539,0.1422924901185771,0.0,0.0,0.2,0.3292549705046973,0.0,0.0,0.0,0.0,0.0,0.0,0.0,0.0,0.0,0.4812878370941112,0.25,0.16666666666666666,0.1111111111111111,0.0,0.3391304347826086,0.0,0.0,0.14130434782608695,0.0,0.14906832298136646,0.7826086956521738,0.0,0.0
1540,0.1487603305785124,0.0,0.0,0.4,0.19597989949748745,0.0,0.0,0.0,0.0,0.0,0.0,0.0,0.0,0.08333333333333334,0.25949367088607594,0.0,0.0,0.11616161616161615,0.0,0.23636363636363636,0.2727272727272727,0.0,0.2954545454545455,0.0,0.3116883116883117,0.0,0.0,0.0
1549,0.05194805194805195,0.0,0.0,0.4,0.15530031107920553,0.08730158730158731,0.0,0.0,0.0,0.0,0.0,0.0,0.10476190476190476,0.0,0.10277275467148883,0.0,0.18253968253968253,0.2433862433862433,0.0,0.2476190476190476,0.2857142857142857,0.1369047619047619,0.4642857142857143,0.42857142857142855,0.32653061224489793,0.0,0.0,0.42857142857142855
1551,0.1487603305785124,0.0,0.0,0.6000000000000001,0.3467336683417085,0.08333333333333334,0.125,0.0,0.0,0.0,0.0,0.26136363636363635,0.0,0.16666666666666669,0.34177215189873417,0.26136363636363635,0.17424242424242425,0.11616161616161615,0.0,0.23636363636363636,0.2727272727272727,0.0,0.14772727272727273,0.0,0.15584415584415584,0.0,0.0,0.0
1554,0.09917355371900828,0.0,0.0,0.4,0.1457286432160804,0.0,0.0,0.0,0.0,0.0,0.0,0.0,0.0,0.08333333333333334,0.25949367088607594,0.0,0.0,0.0,0.0,0.11818181818181815,0.2727272727272727,0.0,0.14772727272727273,0.4090909090909091,0.0,0.0,0.0,0.0
1557,0.057416267942583726,0.0,0.0,0.4,0.1774662787622322,0.09649122807017543,0.0,0.0,0.0,0.0,0.0,0.0,0.11578947368421053,0.0,0.12091938707528313,0.0,0.20175438596491227,0.2690058479532164,0.0,0.2736842105263157,0.3157894736842105,0.1513157894736842,0.3421052631578947,0.9473684210526316,0.0,0.0,0.0,0.0
1562,0.19834710743801656,0.0,0.0,0.4,0.44723618090452255,0.33333333333333337,0.25,0.0,0.0,0.0,0.16666666666666669,0.26136363636363635,0.3,0.25,0.25949367088607594,0.0,0.696969696969697,0.4646464646464646,0.0,0.3545454545454545,0.5454545454545454,0.26136363636363635,0.0,0.0,0.0,0.0,0.0,0.0
1565,0.11483253588516748,0.0,0.0,0.4,0.1774662787622322,0.0,0.0,0.0,0.0,0.0,0.0,0.0,0.0,0.09649122807017543,0.3114590273151232,0.0,0.0,0.0,0.0,0.0,0.0,0.0,0.0,0.0,0.0,0.0,0.0,0.0
1568,0.1487603305785124,0.0,0.0,0.4,0.19597989949748745,0.08333333333333334,0.125,0.0,0.0,0.0,0.16666666666666669,0.0,0.1,0.16666666666666669,0.34177215189873417,0.0,0.0,0.0,0.0,0.23636363636363636,0.0,0.0,0.2954545454545455,0.4090909090909091,0.15584415584415584,0.0,0.0,0.4090909090909091
1575,0.12121212121212123,0.0,0.0,0.4,0.2518146286990508,0.0,0.0,0.0,0.0,0.0,0.0,0.0,0.0,0.3055555555555556,0.43319268635724334,0.0,0.0,0.0,0.0,0.1444444444444444,0.0,0.0,0.18055555555555555,0.0,0.19047619047619047,0.0,0.0,0.0
1578,0.2975206611570248,0.0,0.0,0.4,0.19597989949748745,0.08333333333333334,0.125,0.0,0.8181818181818182,0.0,0.0,0.0,0.0,0.16666666666666669,0.25949367088607594,0.0,0.0,0.11616161616161615,0.0,0.11818181818181815,0.2727272727272727,0.0,0.14772727272727273,0.0,0.15584415584415584,0.0,0.0,0.4090909090909091
1622,0.1487603305785124,0.0,0.0,0.6000000000000001,0.3467336683417085,0.08333333333333334,0.125,0.0,0.0,0.0,0.0,0.26136363636363635,0.0,0.16666666666666669,0.34177215189873417,0.26136363636363635,0.17424242424242425,0.11616161616161615,0.0,0.23636363636363636,0.2727272727272727,0.0,0.14772727272727273,0.0,0.15584415584415584,0.0,0.0,0.0
1627,0.054545454545454564,0.0,0.0,0.4,0.1658291457286432,0.09166666666666667,0.0,0.0,0.0,0.0,0.0,0.0,0.11,0.0,0.2018987341772152,0.0,0.19166666666666668,0.12777777777777774,0.0,0.12999999999999998,0.0,0.14375000000000002,0.1625,0.45,0.0,0.0,0.0,0.0
1634,0.1897233201581028,0.0,0.0,0.4,0.2811885514529167,0.07971014492753624,0.0,0.0,0.0,0.0,0.0,0.0,0.09565217391304348,0.15942028985507248,0.4025866813428728,0.25,0.16666666666666666,0.1111111111111111,0.0,0.2260869565217391,0.2608695652173913,0.0,0.14130434782608695,0.0,0.14906832298136646,0.0,0.0,0.0
1636,0.08727272727272728,0.0,0.0,0.4,0.5195979899497487,0.22,0.22,0.0,0.0,0.0,0.2933333333333334,0.0,0.264,0.22,0.29240506329113924,0.46,0.15333333333333335,0.30666666666666664,0.0,0.31199999999999994,0.0,0.23,0.0,0.0,0.0,0.0,0.0,0.0
1638,0.05194805194805195,0.0,0.0,0.4,0.050011964584828886,0.0,0.0,0.0,0.0,0.0,0.0,0.0,0.0,0.0,0.016576250753465943,0.2738095238095238,0.0,0.0,0.0,0.2476190476190476,0.0,0.0,0.0,0.0,0.0,0.0,0.0,0.0
1642,0.11483253588516748,0.0,0.0,0.4,0.2356519439301772,0.09649122807017543,0.14473684210526316,0.0,0.0,0.0,0.1929824561403509,0.0,0.11578947368421053,0.0,0.2161892071952032,0.0,0.20175438596491227,0.2690058479532164,0.0,0.2736842105263157,0.0,0.1513157894736842,0.17105263157894735,0.0,0.18045112781954886,0.0,0.0,0.0
1643,0.2479338842975207,0.0,0.0,0.6000000000000001,0.19597989949748745,0.0,0.0,0.0,0.0,0.0,0.0,0.0,0.0,0.08333333333333334,0.17721518987341767,0.26136363636363635,0.0,0.11616161616161615,0.0,0.23636363636363636,0.0,0.0,0.14772727272727273,0.0,0.15584415584415584,0.0,0.0,0.4090909090909091
1693,0.060606060606060615,0.0,0.0,0.4,0.2518146286990508,0.0,0.0,0.0,0.0,0.0,0.0,0.0,0.0,0.20370370370370366,0.43319268635724334,0.0,0.0,0.0,0.0,0.0,0.0,0.0,0.0,0.0,0.0,0.0,0.0,0.0
1694,0.0948616600790514,0.0,0.0,0.4,0.2811885514529167,0.0,0.0,0.0,0.0,0.0,0.0,0.0,0.0,0.0,0.4025866813428728,0.0,0.0,0.1111111111111111,0.0,0.2260869565217391,0.2608695652173913,0.0,0.4239130434782609,0.3913043478260869,0.2981366459627329,0.0,0.0,0.0
1696,0.0948616600790514,0.0,0.0,0.4,0.2331221324011361,0.15942028985507248,0.11956521739130435,0.0,0.0,0.0,0.15942028985507248,0.0,0.19130434782608696,0.15942028985507248,0.16648321408915795,0.5,0.0,0.0,0.0,0.11304347826086955,0.2608695652173913,0.0,0.0,0.0,0.0,0.0,0.0,0.0
1698,0.06417112299465241,0.0,0.0,0.2,0.26987880579367424,0.0,0.0,0.0,0.0,0.0,0.0,0.0,0.0,0.0,0.2498138495904691,0.0,0.22549019607843135,0.3006535947712418,0.5882352941176471,0.0,0.3529411764705882,0.0,0.19117647058823528,0.0,0.20168067226890754,0.0,0.0,0.0
1704,0.21818181818181825,0.0,0.0,0.4,0.2763819095477386,0.275,0.1375,0.0,0.0,0.0,0.18333333333333332,0.0,0.33,0.3666666666666667,0.2018987341772152,0.28750000000000003,0.19166666666666668,0.12777777777777774,0.0,0.12999999999999998,0.0,0.14375000000000002,0.0,0.0,0.0,0.0,0.0,0.0
1719,0.06417112299465241,0.0,0.0,0.4,0.13981673071238546,0.0,0.0,0.0,0.0,0.0,0.0,0.0,0.0,0.21568627450980396,0.2498138495904691,0.0,0.0,0.0,0.0,0.30588235294117644,0.3529411764705882,0.0,0.19117647058823528,0.0,0.20168067226890754,0.0,0.0,0.0
1722,0.21818181818181825,0.0,0.0,0.4,0.055276381909547735,0.0,0.0,0.0,0.0,0.0,0.0,0.0,0.0,0.0,0.11139240506329114,0.0,0.0,0.0,0.0,0.12999999999999998,0.30000000000000004,0.0,0.0,0.0,0.0,0.0,0.0,0.0
1725,0.12834224598930485,0.0,0.0,0.4,0.20484776825302986,0.0,0.0,0.0,0.0,0.0,0.0,0.0,0.0,0.32352941176470595,0.35629188384214444,0.0,0.0,0.0,0.0,0.0,0.0,0.0,0.19117647058823528,0.5294117647058824,0.0,0.0,0.0,0.0
1726,0.1487603305785124,0.0,0.0,0.4,0.19597989949748745,0.08333333333333334,0.125,0.0,0.0,0.0,0.16666666666666669,0.0,0.1,0.16666666666666669,0.34177215189873417,0.0,0.0,0.0,0.0,0.11818181818181815,0.5454545454545454,0.0,0.2954545454545455,0.0,0.3116883116883117,0.0,0.0,0.0
1728,0.10909090909090913,0.0,0.0,0.4,0.2211055276381909,0.0,0.0,0.0,0.0,0.0,0.0,0.0,0.0,0.0,0.29240506329113924,0.0,0.19166666666666668,0.12777777777777774,0.0,0.12999999999999998,0.0,0.0,0.325,0.0,0.3428571428571429,0.9,0.0,0.0
1736,0.25974025974025977,0.0,0.0,0.4,0.1026561378320172,0.17460317460317462,0.13095238095238093,0.0,0.0,0.0,0.17460317460317462,0.0,0.20952380952380956,0.08730158730158731,0.016576250753465943,0.0,0.0,0.0,0.0,0.1238095238095238,0.0,0.0,0.0,0.0,0.0,0.0,0.0,0.0
1753,0.060606060606060615,0.0,0.0,0.4,0.3132328308207705,0.0,0.0,0.0,0.0,0.0,0.0,0.0,0.0,0.20370370370370366,0.3326300984528832,0.3194444444444444,0.0,0.1419753086419753,0.0,0.2888888888888888,0.6666666666666666,0.0,0.3611111111111111,0.5,0.19047619047619047,1.0,0.0,0.0
1758,0.0,0.0,0.0,0.4,0.1192806135942872,0.0,0.0,0.0,0.0,0.0,0.0,0.0,0.0,0.1929824561403509,0.12091938707528313,0.0,0.0,0.13450292397660818,0.0,0.0,0.0,0.0,0.3421052631578947,0.0,0.3609022556390977,0.0,0.0,0.4736842105263158
1759,0.16363636363636366,0.0,0.0,0.4,0.11055276381909546,0.09166666666666667,0.0,0.0,0.0,0.0,0.0,0.0,0.11,0.0,0.11139240506329114,0.0,0.19166666666666668,0.12777777777777774,0.0,0.25999999999999995,0.6000000000000001,0.14375000000000002,0.1625,0.45,0.0,0.0,0.0,0.0
1762,0.1722488038277512,0.0,0.0,0.4,0.2356519439301772,0.1929824561403509,0.14473684210526316,0.0,0.9473684210526316,0.0,0.0,0.0,0.11578947368421053,0.2894736842105263,0.4067288474350433,0.0,0.20175438596491227,0.13450292397660818,0.0,0.13684210526315788,0.3157894736842105,0.0,0.0,0.0,0.0,0.0,0.0,0.0
1767,0.2845849802371542,0.0,0.0,0.4,0.1369892942975748,0.07971014492753624,0.11956521739130435,0.0,0.7826086956521738,0.0,0.0,0.0,0.0,0.15942028985507248,0.16648321408915795,0.0,0.16666666666666666,0.0,0.0,0.11304347826086955,0.0,0.0,0.14130434782608695,0.0,0.14906832298136646,0.0,0.0,0.3913043478260869
1768,0.21818181818181825,0.0,0.0,0.4,0.2542713567839196,0.07333333333333335,0.11,0.0,0.0,0.0,0.0,0.23,0.0,0.07333333333333335,0.29240506329113924,0.0,0.15333333333333335,0.0,0.0,0.4159999999999999,0.0,0.0,0.0,0.0,0.0,0.0,0.0,0.0
1775,0.18181818181818185,0.0,0.0,0.4,0.12897822445561138,0.0,0.0,0.0,0.0,0.0,0.0,0.0,0.0,0.1527777777777778,0.15664556962025314,0.0,0.0,0.10648148148148147,0.0,0.0,0.25,0.0,0.2708333333333333,0.375,0.14285714285714285,0.0,0.0,0.0
1776,0.0948616600790514,0.0,0.0,0.4,0.2811885514529167,0.2391304347826087,0.11956521739130435,0.0,0.0,0.0,0.15942028985507248,0.0,0.28695652173913044,0.15942028985507248,0.2451843698403963,0.0,0.5,0.2222222222222222,0.0,0.2260869565217391,0.0,0.125,0.0,0.0,0.0,0.0,0.0,0.0
1779,0.18181818181818185,0.0,0.0,0.4,0.2671691792294807,0.1527777777777778,0.0,0.0,0.0,0.0,0.0,0.0,0.18333333333333332,0.0763888888888889,0.08122362869198313,0.4791666666666666,0.4791666666666667,0.21296296296296294,0.4166666666666666,0.4333333333333333,0.0,0.2395833333333333,0.5416666666666666,0.0,0.5714285714285714,0.0,0.0,0.375
1783,0.1487603305785124,0.0,0.0,0.4,0.19597989949748745,0.08333333333333334,0.125,0.0,0.0,0.0,0.16666666666666669,0.0,0.1,0.16666666666666669,0.17721518987341767,0.0,0.0,0.2323232323232323,0.0,0.0,0.0,0.0,0.0,0.0,0.0,0.0,0.0,0.0
1786,0.09917355371900828,0.0,0.0,0.4,0.09547738693467336,0.0,0.0,0.0,0.0,0.0,0.0,0.0,0.0,0.16666666666666669,0.17721518987341767,0.0,0.0,0.0,0.0,0.23636363636363636,0.2727272727272727,0.0,0.0,0.0,0.0,0.0,0.0,0.0
1793,0.13636363636363638,0.0,0.0,0.4,0.2211055276381909,0.11458333333333336,0.171875,0.0,0.0,0.0,0.0,0.359375,0.0,0.11458333333333336,0.2697784810126582,0.0,0.2395833333333333,0.0,0.0,0.16249999999999998,0.0,0.0,0.203125,0.5625,0.0,0.0,0.0,0.0
1813,0.16363636363636366,0.0,0.0,0.6000000000000001,0.2763819095477386,0.09166666666666667,0.0,0.0,0.0,0.0,0.0,0.0,0.11,0.0,0.2018987341772152,0.0,0.575,0.25555555555555554,0.5,0.12999999999999998,0.30000000000000004,0.28750000000000003,0.0,0.0,0.0,0.0,0.0,0.0
1814,0.10909090909090913,0.0,0.0,0.4,0.11055276381909546,0.0,0.0,0.0,0.0,0.0,0.0,0.0,0.0,0.18333333333333332,0.2018987341772152,0.0,0.0,0.0,0.0,0.25999999999999995,0.0,0.0,0.325,0.0,0.3428571428571429,0.0,0.0,0.0
1815,0.2077922077922078,0.0,0.0,0.2,0.1026561378320172,0.0,0.0,0.0,0.0,0.0,0.0,0.0,0.0,0.0,0.18896925858951172,0.0,0.18253968253968253,0.0,0.4761904761904762,0.2476190476190476,0.0,0.0,0.30952380952380953,0.0,0.32653061224489793,0.0,0.0,0.0
1816,0.06818181818181819,0.0,0.0,0.4,0.0829145728643216,0.0,0.0,0.0,0.0,0.0,0.0,0.0,0.0,0.0,0.15664556962025314,0.0,0.0,0.0,0.0,0.16249999999999998,0.375,0.0,0.203125,0.0,0.21428571428571427,0.0,0.0,0.0
1817,0.11483253588516748,0.0,0.0,0.6000000000000001,0.2938376090981221,0.0,0.0,0.0,0.0,0.0,0.0,0.0,0.0,0.1929824561403509,0.3114590273151232,0.0,0.20175438596491227,0.2690058479532164,0.0,0.2736842105263157,0.0,0.1513157894736842,0.3421052631578947,0.4736842105263158,0.18045112781954886,0.0,0.0,0.0
1832,0.1487603305785124,0.0,0.0,0.4,0.09547738693467336,0.0,0.0,0.0,0.0,0.0,0.0,0.0,0.0,0.08333333333333334,0.09493670886075947,0.0,0.0,0.11616161616161615,0.0,0.0,0.2727272727272727,0.0,0.0,0.0,0.0,0.0,0.0,0.0
1840,0.19834710743801656,0.0,0.0,0.4,0.2462311557788945,0.0,0.0,0.0,0.0,0.0,0.0,0.0,0.0,0.16666666666666669,0.34177215189873417,0.0,0.3484848484848485,0.0,0.0,0.0,0.0,0.0,0.14772727272727273,0.0,0.15584415584415584,0.0,0.0,0.4090909090909091
1848,0.15584415584415587,0.0,0.0,0.4,0.3658770040679588,0.08730158730158731,0.13095238095238093,0.0,0.0,0.0,0.17460317460317462,0.0,0.10476190476190476,0.17460317460317462,0.4475587703435805,0.2738095238095238,0.36507936507936506,0.12169312169312167,0.0,0.3714285714285713,0.0,0.1369047619047619,0.0,0.0,0.0,0.0,0.0,0.0
1849,0.09917355371900828,0.0,0.0,0.4,0.1457286432160804,0.16666666666666669,0.125,0.0,0.0,0.0,0.0,0.26136363636363635,0.1,0.08333333333333334,0.09493670886075947,0.0,0.0,0.0,0.0,0.11818181818181815,0.0,0.0,0.0,0.0,0.0,0.0,0.0,0.0
1850,0.09090909090909093,0.0,0.0,0.4,0.17504187604690116,0.0763888888888889,0.0,0.0,0.0,0.0,0.0,0.0,0.09166666666666667,0.0763888888888889,0.15664556962025314,0.2395833333333333,0.1597222222222222,0.10648148148148147,0.0,0.10833333333333332,0.0,0.11979166666666664,0.13541666666666666,0.0,0.14285714285714285,0.0,0.0,0.0
1857,0.13090909090909092,0.0,0.0,0.4,0.12160804020100502,0.07333333333333335,0.0,0.0,0.0,0.0,0.0,0.0,0.08800000000000001,0.0,0.14759493670886076,0.0,0.15333333333333335,0.0,0.0,0.0,0.24,0.0,0.13,0.0,0.13714285714285715,0.0,0.0,0.0
1863,0.2517482517482518,0.0,0.0,0.4,0.15732508697332814,0.07051282051282053,0.0,0.0,0.0,0.0,0.0,0.0,0.08461538461538462,0.07051282051282053,0.13924050632911394,0.0,0.14743589743589744,0.19658119658119655,0.0,0.1,0.0,0.11057692307692307,0.0,0.0,0.0,0.0,0.0,0.0
1878,0.057416267942583726,0.0,0.0,0.4,0.2938376090981221,0.0,0.0,0.0,0.0,0.0,0.0,0.0,0.0,0.09649122807017543,0.4067288474350433,0.3026315789473684,0.20175438596491227,0.0,0.0,0.2736842105263157,0.0,0.0,0.17105263157894735,0.0,0.18045112781954886,0.0,0.0,0.0
1882,0.04958677685950414,0.0,0.0,0.2,0.1457286432160804,0.16666666666666669,0.125,0.0,0.0,0.0,0.16666666666666669,0.0,0.2,0.08333333333333334,0.012658227848101264,0.0,0.17424242424242425,0.2323232323232323,0.0,0.23636363636363636,0.2727272727272727,0.13068181818181818,0.14772727272727273,0.0,0.15584415584415584,0.0,0.0,0.0
1883,0.06417112299465241,0.0,0.0,0.2,0.26987880579367424,0.10784313725490197,0.16176470588235295,0.0,0.0,0.0,0.21568627450980396,0.0,0.12941176470588234,0.10784313725490197,0.14333581533879375,0.3382352941176471,0.0,0.1503267973856209,0.0,0.4588235294117647,0.0,0.0,0.38235294117647056,0.5294117647058824,0.20168067226890754,0.0,0.0,0.0
1889,0.28708133971291866,0.0,0.0,0.4,0.1192806135942872,0.0,0.0,0.0,0.0,0.0,0.0,0.0,0.0,0.0,0.2161892071952032,0.0,0.0,0.0,0.0,0.13684210526315788,0.3157894736842105,0.0,0.0,0.0,0.0,0.0,0.0,0.0
1890,0.2975206611570248,0.0,0.0,0.4,0.19597989949748745,0.0,0.0,0.0,0.0,0.0,0.0,0.0,0.0,0.0,0.17721518987341767,0.0,0.17424242424242425,0.2323232323232323,0.0,0.23636363636363636,0.0,0.0,0.0,0.0,0.0,0.0,0.0,0.0
1891,0.09090909090909093,0.0,0.0,0.4,0.12897822445561138,0.0,0.0,0.0,0.0,0.0,0.0,0.0,0.0,0.0763888888888889,0.2320675105485232,0.0,0.0,0.0,0.4166666666666666,0.21666666666666665,0.0,0.0,0.0,0.0,0.0,0.0,0.0,0.0
1896,0.1038961038961039,0.0,0.0,0.4,0.3132328308207705,0.08730158730158731,0.13095238095238093,0.0,0.0,0.0,0.17460317460317462,0.0,0.10476190476190476,0.08730158730158731,0.27516576250753466,0.2738095238095238,0.0,0.12169312169312167,0.0,0.2476190476190476,0.0,0.0,0.0,0.0,0.0,0.0,0.0,0.0
1901,0.04958677685950414,0.0,0.0,0.4,0.1457286432160804,0.08333333333333334,0.0,0.0,0.0,0.0,0.0,0.0,0.1,0.0,0.09493670886075947,0.26136363636363635,0.0,0.0,0.0,0.3545454545454545,0.8181818181818181,0.13068181818181818,0.0,0.0,0.0,0.0,0.0,0.0
1926,0.0948616600790514,0.0,0.0,0.2,0.2331221324011361,0.0,0.0,0.0,0.0,0.0,0.0,0.0,0.0,0.2391304347826087,0.3238855255916345,0.0,0.0,0.1111111111111111,0.0,0.0,0.0,0.0,0.0,0.0,0.0,0.0,0.0,0.0
1933,0.2272727272727273,0.0,0.0,0.4,0.2671691792294807,0.0763888888888889,0.11458333333333333,0.0,0.75,0.0,0.0,0.0,0.0,0.2291666666666667,0.30748945147679324,0.2395833333333333,0.3194444444444444,0.10648148148148147,0.0,0.21666666666666665,0.0,0.0,0.13541666666666666,0.375,0.0,0.0,0.0,0.0
1935,0.05194805194805195,0.0,0.0,0.4,0.2605886575735821,0.08730158730158731,0.0,0.0,0.0,0.0,0.0,0.0,0.10476190476190476,0.0,0.3613622664255575,0.2738095238095238,0.36507936507936506,0.12169312169312167,0.4761904761904762,0.1238095238095238,0.5714285714285714,0.0,0.0,0.0,0.0,0.0,0.0,0.0
1957,0.10909090909090913,0.0,0.0,0.4,0.2211055276381909,0.275,0.275,0.0,0.0,0.0,0.18333333333333332,0.28750000000000003,0.22000000000000006,0.18333333333333332,0.2018987341772152,0.0,0.0,0.0,0.0,0.12999999999999998,0.0,0.0,0.0,0.0,0.0,0.0,0.0,0.0
1961,0.060606060606060615,0.0,0.0,0.4,0.12897822445561138,0.10185185185185186,0.15277777777777776,0.0,0.0,0.0,0.20370370370370366,0.0,0.12222222222222225,0.10185185185185186,0.2320675105485232,0.0,0.21296296296296294,0.0,0.0,0.0,0.3333333333333333,0.0,0.0,0.0,0.0,0.0,0.0,0.0
1963,0.09917355371900828,0.0,0.0,0.4,0.29648241206030146,0.0,0.0,0.0,0.0,0.0,0.0,0.0,0.0,0.08333333333333334,0.17721518987341767,0.26136363636363635,0.3484848484848485,0.11616161616161615,0.9090909090909092,0.11818181818181815,0.0,0.0,0.0,0.0,0.0,0.0,0.0,0.0
1965,0.13090909090909092,0.0,0.0,0.4,0.21005025125628135,0.07333333333333335,0.0,0.0,0.0,0.0,0.0,0.0,0.08800000000000001,0.1466666666666667,0.14759493670886076,0.46,0.15333333333333335,0.20444444444444446,0.0,0.4159999999999999,0.96,0.0,0.0,0.0,0.0,0.0,0.0,0.0
1966,0.2975206611570248,0.0,0.0,0.4,0.19597989949748745,0.0,0.0,0.0,0.0,0.0,0.0,0.0,0.0,0.25,0.25949367088607594,0.26136363636363635,0.0,0.0,0.0,0.23636363636363636,0.0,0.0,0.0,0.0,0.0,0.0,0.0,0.0
1978,0.06417112299465241,0.0,0.0,0.4,0.20484776825302986,0.0,0.0,0.0,0.0,0.0,0.0,0.0,0.0,0.0,0.2498138495904691,0.3382352941176471,0.0,0.0,0.5882352941176471,0.15294117647058822,0.0,0.0,0.0,0.0,0.0,0.0,0.0,0.0
2005,0.1422924901185771,0.0,0.0,0.4,0.1369892942975748,0.0,0.0,0.0,0.0,0.0,0.0,0.0,0.0,0.07971014492753624,0.16648321408915795,0.0,0.0,0.1111111111111111,0.0,0.0,0.0,0.0,0.14130434782608695,0.0,0.14906832298136646,0.0,0.0,0.3913043478260869
2015,0.2479338842975207,0.0,0.0,0.4,0.1457286432160804,0.08333333333333334,0.125,0.0,0.8181818181818182,0.0,0.0,0.0,0.0,0.16666666666666669,0.17721518987341767,0.0,0.17424242424242425,0.11616161616161615,0.0,0.11818181818181815,0.5454545454545454,0.0,0.0,0.0,0.0,0.0,0.0,0.0
2022,0.057416267942583726,0.0,0.0,0.6000000000000001,0.2356519439301772,0.0,0.0,0.0,0.0,0.0,0.0,0.0,0.0,0.0,0.12091938707528313,0.3026315789473684,0.20175438596491227,0.13450292397660818,0.0,0.2736842105263157,0.631578947368421,0.0,0.17105263157894735,0.4736842105263158,0.0,0.0,0.0,0.0
2023,0.057416267942583726,0.0,0.0,0.4,0.1774662787622322,0.0,0.0,0.0,0.0,0.0,0.0,0.0,0.0,0.09649122807017543,0.12091938707528313,0.0,0.4035087719298245,0.0,0.0,0.13684210526315788,0.0,0.0,0.17105263157894735,0.0,0.18045112781954886,0.0,0.42105263157894735,0.0
2033,0.1487603305785124,0.0,0.0,0.0,0.09547738693467336,0.0,0.0,0.0,0.0,0.0,0.0,0.0,0.0,0.0,0.09493670886075947,0.0,0.0,0.11616161616161615,0.0,0.11818181818181815,0.0,0.0,0.0,0.0,0.0,0.0,0.0,0.0
2036,0.19480519480519484,0.0,0.0,0.4,0.2605886575735821,0.2619047619047619,0.29464285714285715,0.0,0.6428571428571428,0.4464285714285714,0.2619047619047619,0.20535714285714285,0.15714285714285714,0.19642857142857145,0.3182640144665461,0.0,0.0,0.0,0.0,0.09285714285714283,0.0,0.0,0.0,0.0,0.0,0.0,0.0,0.0
2040,0.054545454545454564,0.0,0.0,0.4,0.11055276381909546,0.09166666666666667,0.0,0.0,0.0,0.0,0.0,0.0,0.11,0.0,0.11139240506329114,0.0,0.38333333333333336,0.12777777777777774,0.0,0.0,0.0,0.14375000000000002,0.1625,0.0,0.17142857142857146,0.0,0.0,0.0
2043,0.10909090909090913,0.0,0.0,0.6000000000000001,0.1658291457286432,0.0,0.0,0.0,0.0,0.0,0.0,0.0,0.0,0.18333333333333332,0.29240506329113924,0.0,0.0,0.0,0.0,0.12999999999999998,0.30000000000000004,0.0,0.1625,0.45,0.0,0.0,0.0,0.0
2050,0.3232323232323233,0.0,0.0,0.6000000000000001,0.19039642657733108,0.06790123456790123,0.10185185185185183,0.0,0.0,0.0,0.13580246913580246,0.0,0.08148148148148149,0.13580246913580246,0.26558837318330986,0.0,0.1419753086419753,0.0,0.3703703703703704,0.0,0.0,0.0,0.0,0.0,0.0,0.0,0.0,0.0
2074,0.054545454545454564,0.0,0.0,0.4,0.2211055276381909,0.09166666666666667,0.1375,0.0,0.0,0.0,0.18333333333333332,0.0,0.11,0.275,0.11139240506329114,0.0,0.19166666666666668,0.12777777777777774,0.5,0.12999999999999998,0.30000000000000004,0.0,0.0,0.0,0.0,0.0,0.0,0.0
2079,0.15584415584415587,0.0,0.0,0.2,0.2605886575735821,0.0,0.0,0.0,0.0,0.0,0.0,0.0,0.0,0.08730158730158731,0.18896925858951172,0.5476190476190476,0.18253968253968253,0.12169312169312167,0.0,0.1238095238095238,0.0,0.0,0.0,0.0,0.0,0.0,0.0,0.0
2087,0.10909090909090913,0.0,0.0,0.4,0.055276381909547735,0.0,0.0,0.0,0.0,0.0,0.0,0.0,0.0,0.0,0.11139240506329114,0.0,0.0,0.0,0.0,0.25999999999999995,0.0,0.0,0.0,0.0,0.0,0.0,0.0,0.0
2091,0.2077922077922078,0.0,0.0,0.4,0.15530031107920553,0.17460317460317462,0.26190476190476186,0.0,0.8571428571428571,0.0,0.17460317460317462,0.0,0.10476190476190476,0.17460317460317462,0.27516576250753466,0.0,0.0,0.0,0.0,0.1238095238095238,0.2857142857142857,0.0,0.15476190476190474,0.42857142857142855,0.0,0.0,0.0,0.0
2093,0.16363636363636366,0.0,0.0,0.4,0.2211055276381909,0.09166666666666667,0.1375,0.0,0.0,0.0,0.18333333333333332,0.0,0.11,0.18333333333333332,0.29240506329113924,0.0,0.19166666666666668,0.12777777777777774,0.0,0.12999999999999998,0.30000000000000004,0.0,0.0,0.0,0.0,0.0,0.0,0.0
2103,0.09917355371900828,0.0,0.0,0.4,0.19597989949748745,0.0,0.0,0.0,0.0,0.0,0.0,0.0,0.0,0.16666666666666669,0.34177215189873417,0.0,0.0,0.0,0.0,0.11818181818181815,0.2727272727272727,0.0,0.14772727272727273,0.4090909090909091,0.0,0.0,0.0,0.0
2107,0.060606060606060615,0.0,0.0,0.4,0.12897822445561138,0.20370370370370366,0.15277777777777776,0.0,0.0,0.0,0.20370370370370366,0.0,0.2444444444444445,0.10185185185185186,0.030942334739803082,0.0,0.21296296296296294,0.2839506172839506,0.0,0.0,0.0,0.1597222222222222,0.3611111111111111,1.0,0.0,0.0,0.0,0.0
2114,0.1422924901185771,0.0,0.0,0.4,0.2811885514529167,0.15942028985507248,0.11956521739130435,0.0,0.0,0.5434782608695652,0.15942028985507248,0.25,0.09565217391304348,0.07971014492753624,0.3238855255916345,0.0,0.0,0.0,0.0,0.2260869565217391,0.0,0.125,0.4239130434782609,0.3913043478260869,0.2981366459627329,0.0,0.0,0.3913043478260869
2132,0.12834224598930485,0.0,0.0,0.4,0.13981673071238546,0.0,0.0,0.0,0.0,0.0,0.0,0.0,0.0,0.21568627450980396,0.2498138495904691,0.0,0.22549019607843135,0.0,0.0,0.15294117647058822,0.3529411764705882,0.0,0.0,0.0,0.0,0.0,0.0,0.0
2159,0.060606060606060615,0.0,0.0,0.4,0.12897822445561138,0.0,0.0,0.0,0.0,0.0,0.0,0.0,0.0,0.0,0.2320675105485232,0.0,0.0,0.0,0.0,0.2888888888888888,0.3333333333333333,0.0,0.18055555555555555,0.0,0.19047619047619047,0.0,0.0,0.0
2160,0.054545454545454564,0.0,0.0,0.4,0.2211055276381909,0.18333333333333332,0.0,0.0,0.0,0.0,0.0,0.0,0.22000000000000006,0.09166666666666667,0.2018987341772152,0.0,0.19166666666666668,0.25555555555555554,0.0,0.39,0.30000000000000004,0.0,0.0,0.0,0.0,0.0,0.0,0.0
2166,0.3636363636363637,0.0,0.0,0.6000000000000001,0.12897822445561138,0.0,0.0,0.0,0.0,0.0,0.0,0.0,0.0,0.10185185185185186,0.13150492264416316,0.3194444444444444,0.0,0.0,0.0,0.2888888888888888,0.3333333333333333,0.0,0.0,0.0,0.0,0.0,0.0,0.0
2171,0.10909090909090913,0.0,0.0,0.6000000000000001,0.2763819095477386,0.09166666666666667,0.1375,0.0,0.0,0.0,0.18333333333333332,0.0,0.11,0.18333333333333332,0.29240506329113924,0.0,0.38333333333333336,0.0,0.0,0.0,0.6000000000000001,0.0,0.325,0.45,0.17142857142857146,0.0,0.4,0.0
2180,0.1487603305785124,0.0,0.0,0.4,0.045226130653266326,0.0,0.0,0.0,0.0,0.0,0.0,0.0,0.0,0.08333333333333334,0.09493670886075947,0.0,0.0,0.0,0.0,0.23636363636363636,0.2727272727272727,0.0,0.0,0.0,0.0,0.0,0.0,0.0
2184,0.12121212121212123,0.0,0.0,0.4,0.19039642657733108,0.0,0.0,0.0,0.0,0.0,0.0,0.0,0.0,0.10185185185185186,0.13150492264416316,0.0,0.21296296296296294,0.1419753086419753,0.0,0.2888888888888888,0.3333333333333333,0.0,0.0,0.0,0.0,0.0,0.0,0.0
2197,0.1422924901185771,0.0,0.0,0.4,0.08892287524579418,0.0,0.0,0.0,0.0,0.0,0.0,0.0,0.0,0.07971014492753624,0.16648321408915795,0.0,0.0,0.0,0.0,0.2260869565217391,0.0,0.0,0.0,0.0,0.0,0.0,0.0,0.0
2204,0.2845849802371542,0.0,0.0,0.4,0.1369892942975748,0.0,0.0,0.0,0.0,0.0,0.0,0.0,0.0,0.07971014492753624,0.2451843698403963,0.0,0.0,0.0,0.0,0.0,0.0,0.0,0.0,0.0,0.0,0.0,0.0,0.0
2219,0.1422924901185771,0.0,0.0,0.4,0.2331221324011361,0.07971014492753624,0.11956521739130435,0.0,0.0,0.0,0.15942028985507248,0.0,0.09565217391304348,0.07971014492753624,0.3238855255916345,0.0,0.16666666666666666,0.0,0.0,0.11304347826086955,0.2608695652173913,0.0,0.2826086956521739,0.3913043478260869,0.14906832298136646,0.0,0.0,0.3913043478260869
2222,0.16363636363636366,0.0,0.0,0.2,0.3316582914572864,0.09166666666666667,0.1375,0.0,0.0,0.0,0.18333333333333332,0.0,0.11,0.18333333333333332,0.3829113924050633,0.0,0.19166666666666668,0.0,0.0,0.0,0.30000000000000004,0.0,0.325,0.0,0.3428571428571429,0.0,0.4,0.0
2223,0.07272727272727274,0.0,0.0,0.4,0.3132328308207705,0.2444444444444445,0.36666666666666653,0.0,0.0,0.0,0.4888888888888889,0.0,0.2933333333333333,0.12222222222222225,0.051054852320675095,0.0,0.7666666666666667,0.34074074074074073,0.0,0.5199999999999999,0.0,0.3833333333333333,0.21666666666666667,0.0,0.22857142857142854,0.0,0.0,0.0
2225,0.05194805194805195,0.0,0.0,0.4,0.2605886575735821,0.0,0.0,0.0,0.0,0.0,0.0,0.0,0.0,0.08730158730158731,0.27516576250753466,0.2738095238095238,0.0,0.12169312169312167,0.0,0.1238095238095238,0.2857142857142857,0.0,0.0,0.0,0.0,0.0,0.0,0.0
2226,0.1722488038277512,0.0,0.0,0.4,0.06109494842634222,0.0,0.0,0.0,0.0,0.0,0.0,0.0,0.0,0.09649122807017543,0.12091938707528313,0.0,0.0,0.0,0.0,0.0,0.0,0.0,0.0,0.0,0.0,0.0,0.0,0.0
2231,0.1038961038961039,0.0,0.0,0.4,0.050011964584828886,0.0,0.0,0.0,0.0,0.0,0.0,0.0,0.0,0.0,0.10277275467148883,0.0,0.0,0.0,0.0,0.0,0.0,0.0,0.30952380952380953,0.0,0.32653061224489793,0.0,0.0,0.0
2232,0.10909090909090913,0.0,0.0,0.4,0.1658291457286432,0.0,0.0,0.0,0.0,0.0,0.0,0.0,0.0,0.0,0.2018987341772152,0.0,0.0,0.12777777777777774,0.0,0.12999999999999998,0.0,0.0,0.0,0.0,0.0,0.0,0.0,0.0
2234,0.14545454545454548,0.0,0.0,0.4,0.23953098827470684,0.0,0.0,0.0,0.0,0.0,0.0,0.0,0.0,0.12222222222222225,0.29240506329113924,0.3833333333333333,0.0,0.0,0.0,0.3466666666666666,0.0,0.0,0.21666666666666667,0.0,0.22857142857142854,0.0,0.5333333333333333,0.0
2238,0.054545454545454564,0.0,0.0,0.4,0.2211055276381909,0.09166666666666667,0.0,0.0,0.0,0.0,0.0,0.0,0.11,0.0,0.11139240506329114,0.28750000000000003,0.38333333333333336,0.25555555555555554,0.0,0.5199999999999999,0.0,0.14375000000000002,0.0,0.0,0.0,0.0,0.0,0.0
2244,0.06417112299465241,0.0,0.0,0.4,0.26987880579367424,0.21568627450980396,0.0,0.0,0.0,0.0,0.0,0.0,0.25882352941176473,0.10784313725490197,0.14333581533879375,0.0,0.22549019607843135,0.0,0.0,0.0,0.7058823529411764,0.0,0.19117647058823528,0.0,0.20168067226890754,0.0,0.0,0.0
2247,0.060606060606060615,0.0,0.0,0.4,0.12897822445561138,0.0,0.0,0.0,0.0,0.0,0.0,0.0,0.0,0.0,0.13150492264416316,0.0,0.0,0.1419753086419753,0.0,0.1444444444444444,0.3333333333333333,0.0,0.0,0.0,0.0,0.0,0.0,0.0
2250,0.1038961038961039,0.0,0.0,0.0,0.15530031107920553,0.08730158730158731,0.13095238095238093,0.0,0.0,0.0,0.17460317460317462,0.0,0.10476190476190476,0.08730158730158731,0.27516576250753466,0.0,0.0,0.0,0.0,0.0,0.0,0.0,0.4642857142857143,0.42857142857142855,0.32653061224489793,0.8571428571428571,0.0,0.42857142857142855
2257,0.18181818181818185,0.0,0.0,0.4,0.17504187604690116,0.0,0.0,0.0,0.0,0.0,0.0,0.0,0.0,0.0,0.30748945147679324,0.0,0.0,0.0,0.0,0.21666666666666665,0.25,0.0,0.2708333333333333,0.0,0.2857142857142857,0.0,0.0,0.0
2258,0.057416267942583726,0.0,0.0,0.4,0.1774662787622322,0.09649122807017543,0.14473684210526316,0.0,0.0,0.0,0.1929824561403509,0.0,0.11578947368421053,0.1929824561403509,0.2161892071952032,0.0,0.0,0.0,0.0,0.13684210526315788,0.0,0.0,0.0,0.0,0.0,0.0,0.0,0.0
2273,0.054545454545454564,0.0,0.0,0.4,0.1658291457286432,0.18333333333333332,0.1375,0.0,0.0,0.0,0.18333333333333332,0.0,0.22000000000000006,0.18333333333333332,0.11139240506329114,0.0,0.19166666666666668,0.12777777777777774,0.0,0.12999999999999998,0.0,0.14375000000000002,0.1625,0.45,0.0,0.0,0.0,0.0
2277,0.2727272727272728,0.0,0.0,0.4,0.2211055276381909,0.0,0.0,0.0,0.0,0.0,0.0,0.0,0.0,0.09166666666666667,0.29240506329113924,0.28750000000000003,0.0,0.0,0.0,0.25999999999999995,0.0,0.0,0.1625,0.0,0.17142857142857146,0.0,0.0,0.0
2303,0.1722488038277512,0.0,0.0,0.4,0.2938376090981221,0.09649122807017543,0.14473684210526316,0.0,0.0,0.0,0.1929824561403509,0.0,0.11578947368421053,0.1929824561403509,0.3114590273151232,0.0,0.20175438596491227,0.13450292397660818,0.0,0.0,0.631578947368421,0.0,0.17105263157894735,0.0,0.18045112781954886,0.0,0.42105263157894735,0.0
2306,0.1258741258741259,0.0,0.0,0.4,0.114804793196753,0.14102564102564105,0.10576923076923077,0.0,0.0,0.0,0.14102564102564105,0.0,0.16923076923076924,0.07051282051282053,0.0,0.22115384615384615,0.14743589743589744,0.19658119658119655,0.0,0.2,0.0,0.11057692307692307,0.25,0.3461538461538461,0.13186813186813187,0.6923076923076923,0.0,0.0
312,0.11483253588516748,0.0,0.0,0.2,0.06109494842634222,0.09649122807017543,0.14473684210526316,0.0,0.0,0.0,0.1929824561403509,0.0,0.11578947368421053,0.09649122807017543,0.025649566955363082,0.3026315789473684,0.0,0.0,0.0,0.13684210526315788,0.3157894736842105,0.0,0.0,0.0,0.0,0.0,0.0,0.0
